"center_id"	"patient_id"	"sex"	"weight"	"height"	"resting.bp.s"	"cholesterol"	"fasting.blood.sugar"	"physical_activity"	"dob"	"social_security_number"
"HOSPIT4224"	"PAT00001"	"M"	49.9	174	140	289	0	"Low"	"1984-03-12"	257550042468
"HOSPIT4224"	"PAT00002"	"F"	65.3	180	160	180	0	"Low"	"1975-03-12"	256554717209
"HOSPIT4224"	"PAT00003"	"M"	65.5	NA	130	283	0	"Intermediate"	"1987-03-12"	189806885976
"HOSPIT4224"	"PAT00004"	"F"	77.9	160	138	214	0	"Low"	"1976-03-12"	247398854753
"HOSPIT4224"	"PAT00005"	"M"	98.3	175	150	195	0	"Low"	"1970-03-12"	268015213541
"HOSPIT4224"	"PAT00006"	"Male"	73.1	155	120	339	0	"High"	"1985-03-12"	169316872175
"HOSPIT4224"	"PAT00007"	"F"	64.6	161	130	237	0	"Intermediate"	"1979-03-12"	199798047963
"HOSPIT4224"	"PAT00008"	"M"	94.2	188	110	208	0	"High"	"1970-03-12"	157349320759
"HOSPIT4224"	"PAT00009"	"M"	73.6	175	140	207	0	"High"	"1987-03-12"	266973457784
"HOSPIT4224"	"PAT00010"	"F"	65.1	190	120	284	0	"Low"	"1976-03-12"	272329151573
"HOSPIT4224"	"PAT00011"	"F"	90.3	167	130	211	0	"Intermediate"	"1987-03-12"	195408936466
"HOSPIT4224"	"PAT00012"	"M"	92	172	136	164	0	"Low"	"1966-03-12"	236276540518
"HOSPIT4224"	"PAT00013"	"M"	50.7	143	120	204	0	"Intermediate"	"1985-03-12"	271200400033
"HOSPIT4224"	"PAT00014"	"M"	94.5	172	140	234	0	"Low"	"1975-03-12"	164167203218
"HOSPIT4224"	"PAT00015"	"F"	52	182	115	211	0	"Low"	"1982-03-12"	239444138411
"HOSPIT4224"	"PAT00016"	"F"	75.4	186	120	273	0	"Low"	"1970-03-12"	224604876679
"HOSPIT4224"	"PAT00017"	"M"	86.2	184	110	196	0	"Intermediate"	"1986-03-12"	232701141411
"HOSPIT4224"	"PAT00018"	"F"	50.6	195	120	201	0	"Low"	"1981-03-12"	161351747986
"HOSPIT4224"	"PAT00019"	"M"	77.4	NA	100	248	0	"Low"	"1964-03-12"	175610030660
"HOSPIT4224"	"PAT00020"	"M"	80.6	NA	120	267	0	"Intermediate"	"1988-03-12"	262457223074
"HOSPIT4224"	"PAT00021"	"F"	72.3	170	100	223	0	"Intermediate"	"1981-03-12"	154130844410
"HOSPIT4224"	"PAT00022"	"M"	80.2	181	120	184	0	"Low"	"1980-03-12"	155063293861
"HOSPIT4224"	"PAT00023"	"F"	93.4	165	124	201	0	"Low"	"1975-03-12"	159839263444
"HOSPIT4224"	"PAT00024"	"M"	97.7	173	150	288	0	"Low"	"1980-03-12"	270307626988
"HOSPIT4224"	"PAT00025"	"M"	77.6	160	130	215	0	"Low"	"1984-03-12"	269475610129
"HOSPIT4224"	"PAT00026"	"M"	84.5	160	130	209	0	"Low"	"1988-03-12"	165406693193
"HOSPIT4224"	"PAT00027"	"M"	75.4	164	124	260	0	"Low"	"1971-03-12"	150585063279
"HOSPIT4224"	"PAT00028"	"M"	81.1	183	120	284	0	"Low"	"1972-03-12"	178439392382
"HOSPIT4224"	"PAT00029"	"F"	79.9	152	113	468	0	"Intermediate"	"1971-03-12"	174573756216
"HOSPIT4224"	"PAT00030"	"M"	71.8	151	125	188	0	"Low"	"1973-03-12"	197543765271
"HOSPIT4224"	"PAT00031"	"M"	95.6	183	145	518	0	"Intermediate"	"1971-03-12"	169787388567
"HOSPIT4224"	"PAT00032"	"M"	81.9	201	130	167	0	"Low"	"1968-03-12"	249534921012
"HOSPIT4224"	"PAT00033"	"M"	71.8	180	125	224	0	"Low"	"1970-03-12"	237954713958
"HOSPIT4224"	"PAT00034"	"M"	99.9	174	130	172	0	"Low"	"1983-03-12"	238634198990
"HOSPIT4224"	"PAT00035"	"F"	89.5	168	150	186	0	"Low"	"1981-03-12"	234346153739
"HOSPIT4224"	"PAT00036"	"M"	59.5	164	125	254	0	"Intermediate"	"1992-03-12"	199824648071
"HOSPIT4224"	"PAT00037"	"M"	62.9	202	140	306	1	"Intermediate"	"1959-03-12"	174628761219
"HOSPIT4224"	"PAT00038"	"F"	57.3	NA	110	250	0	"Low"	"1983-03-12"	192240452182
"HOSPIT4224"	"PAT00039"	"F"	56.3	177	120	177	1	"Intermediate"	"1976-03-12"	153673054044
"HOSPIT4224"	"PAT00040"	"F"	75.5	191	150	227	0	"Low"	"1976-03-12"	260515205726
"HOSPIT4224"	"PAT00041"	"F"	86.2	180	150	230	0	"Low"	"1970-03-12"	268112481972
"HOSPIT4224"	"PAT00042"	"F"	50.9	1.84	130	294	0	"Low"	"1970-03-12"	174919129234
"HOSPIT4224"	"PAT00043"	"M"	98.7	203	150	264	0	"Intermediate"	"1989-03-12"	247622270753
"HOSPIT4224"	"PAT00044"	"M"	83.3	178	140	259	0	"High"	"1972-03-12"	198678049410
"HOSPIT4224"	"PAT00045"	"M"	71.1	168	120	175	0	"Low"	"1981-03-12"	174326458213
"HOSPIT4224"	"PAT00046"	"M"	75.7	196	130	318	0	"Intermediate"	"1965-03-12"	183163840875
"HOSPIT4224"	"PAT00047"	"M"	87.6	165	120	223	0	"Low"	"1987-03-12"	270324060386
"HOSPIT4224"	"PAT00048"	"M"	84.9	184	140	216	0	"Low"	"1974-03-12"	200360816139
"HOSPIT4224"	"PAT00049"	"M"	78.4	153	112	340	0	"Low"	"1988-03-12"	271566190338
"HOSPIT4224"	"PAT00050"	"M"	69.6	199	110	289	0	"Low"	"1983-03-12"	193598333516
"HOSPIT4224"	"PAT00051"	"M"	57.5	180	130	233	0	"Low"	"1974-03-12"	169590127838
"HOSPIT4224"	"PAT00052"	"F"	NA	193	120	205	0	"Low"	"1977-03-12"	247977489591
"HOSPIT4224"	"PAT00053"	"M"	75.2	165	140	224	1	"Low"	"1979-03-12"	234990596599
"HOSPIT4224"	"PAT00054"	"F"	63.8	173	130	245	0	"Low"	"1983-03-12"	240805623899
"HOSPIT4224"	"PAT00055"	"F"	95.8	201	130	180	0	"High"	"1972-03-12"	203883633291
"HOSPIT4224"	"PAT00056"	"Female"	101.5	152	160	194	0	"Low"	"1973-03-12"	179061611626
"HOSPIT4224"	"PAT00057"	"M"	66.2	190	120	270	0	"Low"	"1993-03-12"	250933268893
"HOSPIT4224"	"PAT00058"	"M"	75.1	192	130	213	0	"Low"	"1966-03-12"	229816764139
"HOSPIT4224"	"PAT00059"	"M"	66.2	NA	150	365	0	"Low"	"1970-03-12"	213375368732
"HOSPIT4224"	"PAT00060"	"M"	78.6	195	112	342	0	"Low"	"1972-03-12"	240689882660
"HOSPIT4224"	"PAT00061"	"M"	93.8	147	100	253	0	"Intermediate"	"1975-03-12"	265492455547
"HOSPIT4224"	"PAT00062"	"F"	72.9	173	150	254	0	"Low"	"1981-03-12"	164414255562
"HOSPIT4224"	"PAT00063"	"M"	55.7	152	140	224	0	"Low"	"1979-03-12"	182784346777
"HOSPIT4224"	"PAT00064"	"M"	49.5	153	120	277	0	"Intermediate"	"1978-03-12"	266376115677
"HOSPIT4224"	"PAT00065"	"F"	71	213	110	202	0	"High"	"1974-03-12"	230090781586
"HOSPIT4224"	"PAT00066"	"F"	84	178	120	260	0	"Low"	"1987-03-12"	208501447301
"HOSPIT4224"	"PAT00067"	"F"	95	191	132	297	0	"Low"	"1979-03-12"	203247957730
"HOSPIT4224"	"PAT00068"	"M"	52.8	177	110	225	0	"Low"	"1992-03-12"	243302613016
"HOSPIT4224"	"PAT00069"	"M"	46.8	173	160	246	0	"Intermediate"	"1972-03-12"	200339838181
"HOSPIT4224"	"PAT00070"	"M"	NA	144	150	412	0	"Low"	"1980-03-12"	225701224713
"HOSPIT4224"	"PAT00071"	"M"	77.2	170	140	265	0	"Low"	"1967-03-12"	256662433160
"HOSPIT4224"	"PAT00072"	"M"	69.5	203	130	215	0	"Low"	"1980-03-12"	216956137122
"HOSPIT4224"	"PAT00073"	"M"	72.5	201	120	182	0	"Intermediate"	"1972-03-12"	236400780460
"HOSPIT4224"	"PAT00074"	"F"	NA	152	120	218	0	"Low"	"1980-03-12"	180286838923
"HOSPIT4224"	"PAT00075"	"M"	NA	180	140	268	0	"Low"	"1969-03-12"	179918027221
"HOSPIT4224"	"PAT00076"	"M"	47.1	169	150	163	0	"Low"	"1978-03-12"	185946996983
"HOSPIT4224"	"PAT00077"	"M"	NA	189	118	529	0	"Low"	"1992-03-12"	204743215947
"HOSPIT4224"	"PAT00078"	"F"	70.8	1.66	140	167	0	"High"	"1989-03-12"	257298963226
"HOSPIT4224"	"PAT00079"	"M"	75.8	162	140	100	0	"Intermediate"	"1972-03-12"	157955688822
"HOSPIT4224"	"PAT00080"	"M"	56.2	177	130	206	0	"Low"	"1975-03-12"	158153194513
"HOSPIT4224"	"PAT00081"	"M"	61.6	188	110	277	0	"High"	"1969-03-12"	230009652489
"HOSPIT4224"	"PAT00082"	"M"	67.4	174	120	238	0	"Low"	"1970-03-12"	270038999643
"HOSPIT4224"	"PAT00083"	"M"	59.7	195	150	223	0	"Intermediate"	"1961-03-12"	260894621200
"HOSPIT4224"	"PAT00084"	"M"	NA	176	160	196	0	"Low"	"1972-03-12"	240410850908
"HOSPIT4224"	"PAT00085"	"M"	96.5	175	150	213	1	"Low"	"1968-03-12"	273645289656
"HOSPIT4224"	"PAT00086"	"M"	95.7	208	140	139	0	"Low"	"1958-03-12"	157586470761
"HOSPIT4224"	"PAT00087"	"M"	78.7	186	170	263	1	"Low"	"1959-03-12"	266789924700
"HOSPIT4224"	"PAT00088"	"F"	NA	183	140	216	0	"Low"	"1971-03-12"	262906118979
"HOSPIT4224"	"PAT00089"	"M"	66.6	184	120	291	0	"Low"	"1981-03-12"	148488772118
"HOSPIT4224"	"PAT00090"	"M"	90.5	186	140	229	0	"Low"	"1969-03-12"	241346299007
"HOSPIT4224"	"PAT00091"	"F"	83.7	183	110	208	0	"Low"	"1975-03-12"	163376562582
"HOSPIT4224"	"PAT00092"	"M"	56.6	190	130	307	0	"Low"	"1985-03-12"	257689212731
"HOSPIT4224"	"PAT00093"	"F"	73.8	166	120	210	0	"Low"	"1972-03-12"	236770903481
"HOSPIT4224"	"PAT00094"	"M"	101	183	160	329	0	"Intermediate"	"1976-03-12"	258655898730
"HOSPIT4224"	"PAT00095"	"F"	50	172	110	182	0	"Low"	"1985-03-12"	240062320074
"HOSPIT4224"	"PAT00096"	"M"	54.3	159	130	263	0	"Low"	"1966-03-12"	253881951084
"HOSPIT4224"	"PAT00097"	"M"	88.5	151	142	207	0	"Low"	"1981-03-12"	271760120204
"HOSPIT4224"	"PAT00098"	"M"	69.5	179	160	147	1	"Low"	"1985-03-12"	245411834494
"HOSPIT4224"	"PAT00099"	"M"	71	178	120	85	0	"Low"	"1968-03-12"	198215554261
"HOSPIT4224"	"PAT00100"	"M"	NA	193	125	269	0	"Intermediate"	"1983-03-12"	258720833279
"HOSPIT4224"	"PAT00101"	"M"	51.3	166	130	275	0	"Low"	"1959-03-12"	154342499416
"HOSPIT4224"	"PAT00102"	"M"	97.5	163	130	179	0	"Intermediate"	"1973-03-12"	155620319049
"HOSPIT4224"	"PAT00103"	"F"	76.1	195	150	392	0	"Intermediate"	"1984-03-12"	267065108955
"HOSPIT4224"	"PAT00104"	"M"	82.6	176	120	466	1	"Low"	"1984-03-12"	182748849225
"HOSPIT4224"	"PAT00105"	"M"	NA	161	118	186	0	"Low"	"1978-03-12"	228194187668
"HOSPIT4224"	"PAT00106"	"M"	92.8	192	140	260	1	"Low"	"1967-03-12"	232603571081
"HOSPIT4224"	"PAT00107"	"F"	64.9	156	120	254	0	"High"	"1976-03-12"	272484634756
"HOSPIT4224"	"PAT00108"	"M"	65	186	150	214	0	"Intermediate"	"1990-03-12"	249810986795
"HOSPIT4224"	"PAT00109"	"M"	57.7	161	140	129	0	"Intermediate"	"1974-03-12"	193755767105
"HOSPIT4224"	"PAT00110"	"M"	94.6	155	190	241	0	"Low"	"1985-03-12"	226979542646
"HOSPIT4224"	"PAT00111"	"F"	98	177	130	188	0	"Low"	"1965-03-12"	214903979193
"HOSPIT4224"	"PAT00112"	"M"	81.4	176	150	255	0	"Low"	"1967-03-12"	240581794498
"HOSPIT4224"	"PAT00113"	"M"	72	143	140	276	1	"Low"	"1977-03-12"	255440896928
"HOSPIT4224"	"PAT00114"	"M"	58.1	175	140	297	0	"Intermediate"	"1986-03-12"	219623877384
"HOSPIT4224"	"PAT00115"	"F"	47.1	168	130	207	0	"Intermediate"	"1975-03-12"	247452071784
"HOSPIT4224"	"PAT00116"	"F"	79.9	NA	100	246	0	"Low"	"1991-03-12"	173624573329
"HOSPIT4224"	"PAT00117"	"M"	84.3	173	120	282	0	"Intermediate"	"1986-03-12"	150977768686
"HOSPIT4224"	"PAT00118"	"F"	62	148	130	338	1	"Low"	"1965-03-12"	234019827226
"HOSPIT4224"	"PAT00119"	"F"	87.4	174	120	160	0	"Low"	"1989-03-12"	224741441752
"HOSPIT4224"	"PAT00120"	"M"	81.1	1.69	140	156	0	"Low"	"1990-03-12"	175036880796
"HOSPIT4224"	"PAT00121"	"F"	70.9	1.7	135	248	1	"High"	"1977-03-12"	221008166552
"HOSPIT4224"	"PAT00122"	"F"	75.7	185	125	272	0	"Low"	"1972-03-12"	197845822241
"HOSPIT4224"	"PAT00123"	"M"	88.1	176	110	240	0	"Low"	"1978-03-12"	212548019800
"HOSPIT4224"	"PAT00124"	"F"	81.2	152	180	393	0	"Intermediate"	"1966-03-12"	252678020958
"HOSPIT4224"	"PAT00125"	"M"	92.7	150	130	230	0	"Low"	"1966-03-12"	269580621730
"HOSPIT4224"	"PAT00126"	"M"	99.6	163	120	246	0	"Low"	"1970-03-12"	195211803870
"HOSPIT4224"	"PAT00127"	"F"	68.8	169	130	161	0	"Low"	"1990-03-12"	173133621014
"HOSPIT4224"	"PAT00128"	"F"	NA	166	108	163	0	"Low"	"1976-03-12"	171653210774
"HOSPIT4224"	"PAT00129"	"F"	59.8	164	120	230	1	"Low"	"1970-03-12"	263975860241
"HOSPIT4224"	"PAT00130"	"M"	NA	177	120	228	0	"Low"	"1982-03-12"	232876643955
"HOSPIT4224"	"PAT00131"	"M"	87.5	190	145	292	0	"Low"	"1986-03-12"	240013863746
"HOSPIT4224"	"PAT00132"	"M"	NA	157	110	202	0	"Low"	"1978-03-12"	226011046051
"HOSPIT4224"	"PAT00133"	"M"	81.8	165	170	388	0	"Low"	"1968-03-12"	242389939333
"HOSPIT4224"	"PAT00134"	"M"	57.3	185	150	230	0	"Low"	"1968-03-12"	211952728672
"HOSPIT4224"	"PAT00135"	"F"	74.9	156	130	294	0	"Intermediate"	"1963-03-12"	171001703196
"HOSPIT4224"	"PAT00136"	"M"	89.1	NA	115	265	0	"Low"	"1975-03-12"	165421776144
"HOSPIT4224"	"PAT00137"	"F"	100	171	120	215	0	"Intermediate"	"1981-03-12"	259128404085
"HOSPIT4224"	"PAT00138"	"M"	57.7	149	120	241	0	"Low"	"1985-03-12"	153880389144
"HOSPIT4224"	"PAT00139"	"M"	70.6	204	140	166	0	"Low"	"1970-03-12"	181356105753
"HOSPIT4224"	"PAT00140"	"M"	83.2	170	150	247	0	"Low"	"1981-03-12"	238617000016
"HOSPIT4224"	"PAT00141"	"M"	63.3	155	160	331	0	"Low"	"1972-03-12"	215862359181
"HOSPIT4224"	"PAT00142"	"M"	99.3	179	140	341	0	"Low"	"1974-03-12"	212351913554
"HOSPIT4224"	"PAT00143"	"M"	54.1	183	160	291	0	"Low"	"1977-03-12"	215723106415
"HOSPIT4224"	"PAT00144"	"M"	94	167	140	243	0	"High"	"1971-03-12"	208461149765
"HOSPIT4224"	"PAT00145"	"F"	51.6	198	120	279	0	"Intermediate"	"1968-03-12"	216629075559
"HOSPIT4224"	"PAT00146"	"M"	81.5	198	110	273	0	"Low"	"1985-03-12"	220286846521
"HOSPIT4224"	"PAT00147"	"M"	NA	179	120	198	0	"Low"	"1982-03-12"	190340466354
"HOSPIT4224"	"PAT00148"	"F"	57.9	173	120	249	0	"Intermediate"	"1981-03-12"	214584920749
"HOSPIT4224"	"PAT00149"	"M"	94.4	168	120	168	0	"Low"	"1974-03-12"	220974148514
"HOSPIT4224"	"PAT00150"	"M"	69.2	142	130	603	1	"Intermediate"	"1970-03-12"	201596780431
"HOSPIT4224"	"PAT00151"	"M"	56.5	157	130	215	0	"Intermediate"	"1985-03-12"	191419426940
"HOSPIT4224"	"PAT00152"	"M"	90.3	160	100	159	0	"Low"	"1976-03-12"	160701500769
"HOSPIT4224"	"PAT00153"	"Male"	89.9	NA	130	275	0	"High"	"1984-03-12"	244820403183
"HOSPIT4224"	"PAT00154"	"M"	52.1	198	120	270	0	"Intermediate"	"1969-03-12"	203186876682
"HOSPIT4224"	"PAT00155"	"M"	68.4	147	120	291	0	"Low"	"1983-03-12"	248585853413
"HOSPIT4224"	"PAT00156"	"M"	99.8	153	155	342	1	"Low"	"1968-03-12"	177011818827
"HOSPIT4224"	"PAT00157"	"M"	68.2	175	110	190	0	"Low"	"1986-03-12"	161527502694
"HOSPIT4224"	"PAT00158"	"M"	87.9	147	140	185	0	"High"	"1975-03-12"	182302513203
"HOSPIT4224"	"PAT00159"	"M"	81.1	164	130	290	0	"Low"	"1980-03-12"	179029735435
"HOSPIT4224"	"PAT00160"	"M"	99	142	160	195	0	"Low"	"1970-03-12"	249627894457
"HOSPIT4224"	"PAT00161"	"M"	54.4	218	140	264	1	"Low"	"1965-03-12"	198268425746
"HOSPIT4224"	"PAT00162"	"M"	78.5	174	128	212	0	"Low"	"1975-03-12"	233526280026
"HOSPIT4224"	"PAT00163"	"M"	66.8	189	160	263	0	"Low"	"1977-03-12"	247374816748
"HOSPIT4224"	"PAT00164"	"F"	79.5	157	110	208	0	"Low"	"1975-03-12"	162786978833
"HOSPIT4224"	"PAT00165"	"M"	59.1	176	120	196	0	"Intermediate"	"1982-03-12"	241035185376
"HOSPIT4224"	"PAT00166"	"F"	49.9	183	140	225	0	"Low"	"1972-03-12"	170331732242
"HOSPIT4224"	"PAT00167"	"M"	61.3	178	140	272	1	"High"	"1978-03-12"	149202028612
"HOSPIT4224"	"PAT00168"	"M"	80.4	175	140	231	0	"Low"	"1974-03-12"	229393449469
"HOSPIT4224"	"PAT00169"	"M"	81.4	174	140	238	0	"Low"	"1976-03-12"	213005787545
"HOSPIT4224"	"PAT00170"	"M"	61.3	166	135	222	0	"Low"	"1966-03-12"	215998159164
"HOSPIT4224"	"PAT00171"	"M"	77.3	185	140	179	0	"Intermediate"	"1966-03-12"	270168449309
"HOSPIT4224"	"PAT00172"	"M"	95.7	161	120	243	0	"Low"	"1995-03-12"	231744842745
"HOSPIT4224"	"PAT00173"	"M"	79	183	140	235	0	"Low"	"1984-03-12"	233089473600
"HOSPIT4224"	"PAT00174"	"M"	55	196	140	320	0	"Intermediate"	"1971-03-12"	230320645634
"HOSPIT4224"	"PAT00175"	"M"	58.7	195	140	187	0	"Low"	"1975-03-12"	261386241970
"HOSPIT4224"	"PAT00176"	"M"	71.6	184	140	266	0	"Low"	"1972-03-12"	225051003463
"HOSPIT4224"	"PAT00177"	"M"	55	NA	140	288	0	"Intermediate"	"1981-03-12"	209580140853
"HOSPIT4224"	"PAT00178"	"M"	65.6	182	140	216	0	"High"	"1970-03-12"	214275457335
"HOSPIT4224"	"PAT00179"	"M"	NA	NA	140	287	0	"Low"	"1965-03-12"	179574689038
"HOSPIT4224"	"PAT00180"	"M"	94.1	NA	130	194	0	"Intermediate"	"1987-03-12"	187148956122
"HOSPIT4224"	"PAT00181"	"F"	56	169	130	238	0	"Low"	"1978-03-12"	224527954363
"HOSPIT4224"	"PAT00182"	"M"	69.1	182	130	225	0	"Low"	"1972-03-12"	222855383550
"HOSPIT4224"	"PAT00183"	"M"	65.4	153	130	224	0	"Low"	"1973-03-12"	179280976181
"HOSPIT4224"	"PAT00184"	"M"	65.5	183	140	404	0	"Low"	"1972-03-12"	273639029497
"HOSPIT4224"	"PAT00185"	"M"	56.5	178	110	238	0	"Low"	"1978-03-12"	169376721550
"HOSPIT4224"	"PAT00186"	"F"	82.5	163	160	312	0	"Low"	"1970-03-12"	251615630966
"HOSPIT4224"	"PAT00187"	"M"	100.8	179	160	211	1	"Low"	"1966-03-12"	187090569272
"HOSPIT4224"	"PAT00188"	"M"	94.5	171	130	251	0	"Low"	"1966-03-12"	194135517896
"HOSPIT4224"	"PAT00189"	"M"	88.1	156	120	237	1	"Intermediate"	"1983-03-12"	223543626038
"HOSPIT4224"	"PAT00190"	"F"	69.8	194	120	328	0	"Low"	"1974-03-12"	226775951208
"HOSPIT4224"	"PAT00191"	"M"	46.8	NA	180	285	0	"Low"	"1971-03-12"	172387945283
"HOSPIT4224"	"PAT00192"	"M"	59.2	182	180	280	0	"Low"	"1978-03-12"	189645159932
"HOSPIT4224"	"PAT00193"	"M"	82.8	170	170	209	0	"Low"	"1974-03-12"	225055513567
"HOSPIT4224"	"PAT00194"	"M"	71.4	170	130	245	0	"Low"	"1976-03-12"	273680698905
"HOSPIT4224"	"PAT00195"	"M"	91.2	196	135	192	0	"Low"	"1979-03-12"	240805678309
"HOSPIT4224"	"PAT00196"	"F"	68.3	174	125	184	0	"High"	"1983-03-12"	158326859945
"HOSPIT4224"	"PAT00197"	"F"	53	156	160	193	0	"Low"	"1962-03-12"	221271564232
"HOSPIT4224"	"PAT00198"	"M"	81.8	184	120	297	0	"Low"	"1975-03-12"	243088688789
"HOSPIT4224"	"PAT00199"	"M"	78.2	185	150	268	0	"Intermediate"	"1982-03-12"	264700945322
"HOSPIT4224"	"PAT00200"	"M"	65.8	139	120	246	0	"High"	"1971-03-12"	221419012340
"HOSPIT4224"	"PAT00201"	"F"	51.1	184	130	308	0	"Low"	"1967-03-12"	207592392279
"HOSPIT4224"	"PAT00202"	"M"	54.3	177	110	249	0	"Low"	"1977-03-12"	265457086312
"HOSPIT4224"	"PAT00203"	"M"	96.4	192	120	230	0	"Low"	"1978-03-12"	194789011170
"HOSPIT4224"	"PAT00204"	"Male"	91.3	188	160	147	0	"Intermediate"	"1982-03-12"	233359046585
"HOSPIT4224"	"PAT00205"	"F"	NA	196	100	219	0	"Intermediate"	"1993-03-12"	224244629059
"HOSPIT4224"	"PAT00206"	"M"	NA	160	130	184	0	"Intermediate"	"1968-03-12"	160367116987
"HOSPIT4224"	"PAT00207"	"M"	76	NA	150	215	0	"Intermediate"	"1974-03-12"	149042466583
"HOSPIT4224"	"PAT00208"	"M"	84.2	176	120	308	0	"High"	"1989-03-12"	164452570175
"HOSPIT4224"	"PAT00209"	"M"	90.4	203	110	257	0	"Low"	"1989-03-12"	156430833008
"HOSPIT4224"	"PAT00210"	"M"	77.4	175	130	132	0	"Low"	"1996-03-12"	271405274566
"HOSPIT4224"	"PAT00211"	"M"	58.4	164	125	216	0	"Low"	"1970-03-12"	244004265713
"HOSPIT4224"	"PAT00212"	"M"	74.8	1.89	106	263	1	"Low"	"1976-03-12"	245119692453
"HOSPIT4224"	"PAT00213"	"F"	55	161	140	288	0	"Intermediate"	"1974-03-12"	156921879638
"HOSPIT4224"	"PAT00214"	"M"	67.7	153	130	276	0	"Low"	"1968-03-12"	169265721446
"HOSPIT4224"	"PAT00215"	"F"	61.7	190	130	219	0	"Low"	"1968-03-12"	203971655954
"HOSPIT4224"	"PAT00216"	"M"	87.2	166	150	226	0	"Low"	"1977-03-12"	256183669311
"HOSPIT4224"	"PAT00217"	"F"	73.5	157	170	237	0	"Intermediate"	"1994-03-12"	265527569984
"HOSPIT4224"	"PAT00218"	"M"	99.4	201	110	280	0	"Low"	"1985-03-12"	267508044315
"HOSPIT4224"	"PAT00219"	"M"	97.9	134	120	217	0	"Low"	"1970-03-12"	249399975723
"HOSPIT4224"	"PAT00220"	"M"	69.3	167	140	196	0	"Intermediate"	"1969-03-12"	177133935115
"HOSPIT4224"	"PAT00221"	"M"	NA	167	140	263	0	"Intermediate"	"1995-03-12"	203808758862
"HOSPIT4224"	"PAT00222"	"M"	74.8	163	130	222	0	"Low"	"1978-03-12"	261441751084
"HOSPIT4224"	"PAT00223"	"F"	80.6	143	160	303	0	"High"	"1973-03-12"	166370168872
"HOSPIT4224"	"PAT00224"	"F"	100.8	167	120	195	0	"Low"	"1976-03-12"	225819892901
"HOSPIT4224"	"PAT00225"	"M"	84.1	148	120	298	0	"Low"	"1991-03-12"	181756987677
"HOSPIT4224"	"PAT00226"	"M"	90.2	172	120	256	1	"Low"	"1969-03-12"	240825466612
"HOSPIT4224"	"PAT00227"	"M"	79.3	165	145	264	0	"Low"	"1974-03-12"	252477348349
"HOSPIT4224"	"PAT00228"	"M"	87.9	184	120	195	0	"Intermediate"	"1971-03-12"	272797664996
"HOSPIT4224"	"PAT00229"	"M"	57.4	179	92	117	0	"Intermediate"	"1986-03-12"	156818718352
"HOSPIT4224"	"PAT00230"	"M"	76.3	197	120	295	0	"Low"	"1983-03-12"	233119458616
"HOSPIT4224"	"PAT00231"	"F"	75	166	130	173	0	"Low"	"1987-03-12"	148068778539
"HOSPIT4224"	"PAT00232"	"M"	91.9	155	130	315	0	"Low"	"1987-03-12"	200043678676
"HOSPIT4224"	"PAT00233"	"M"	79.9	166	130	281	0	"Low"	"1984-03-12"	164205008505
"HOSPIT4224"	"PAT00234"	"F"	51	166	120	275	0	"Low"	"1986-03-12"	248208195812
"HOSPIT4224"	"PAT00235"	"M"	67.9	173	112	250	0	"Intermediate"	"1983-03-12"	196339374586
"HOSPIT4224"	"PAT00236"	"F"	51.4	NA	140	309	0	"Low"	"1970-03-12"	232738606180
"HOSPIT4224"	"PAT00237"	"M"	56	154	120	200	0	"Low"	"1985-03-12"	259939222264
"HOSPIT4224"	"PAT00238"	"M"	92.6	162	120	336	0	"Intermediate"	"1983-03-12"	223473187276
"HOSPIT4224"	"PAT00239"	"M"	57.1	194	140	295	0	"Low"	"1969-03-12"	274215336966
"HOSPIT4224"	"PAT00240"	"M"	61.9	160	160	355	0	"Low"	"1976-03-12"	273399738619
"HOSPIT4224"	"PAT00241"	"M"	60.1	NA	160	193	0	"Intermediate"	"1976-03-12"	259926389108
"HOSPIT4224"	"PAT00242"	"M"	88.1	170	145	326	0	"Low"	"1969-03-12"	255593798403
"HOSPIT4224"	"PAT00243"	"M"	95.8	171	200	198	0	"Intermediate"	"1970-03-12"	159930402687
"HOSPIT4224"	"PAT00244"	"M"	79.3	169	160	292	1	"Low"	"1969-03-12"	167924567204
"HOSPIT4224"	"PAT00245"	"F"	56.3	182	120	266	0	"Low"	"1981-03-12"	256960609136
"HOSPIT4224"	"PAT00246"	"M"	51.6	209	160	268	0	"Intermediate"	"1976-03-12"	150401466857
"HOSPIT4224"	"PAT00247"	"M"	49	175	120	171	0	"Low"	"1970-03-12"	153034426007
"HOSPIT4224"	"PAT00248"	"M"	64.3	154	120	237	0	"Intermediate"	"1970-03-12"	183447482492
"HOSPIT4224"	"PAT00249"	"M"	101.9	180	122	275	1	"Low"	"1976-03-12"	156028009544
"HOSPIT4224"	"PAT00250"	"M"	87	185	130	219	0	"Low"	"1979-03-12"	242524991140
"HOSPIT4224"	"PAT00251"	"M"	93.1	177	130	341	0	"Intermediate"	"1975-03-12"	212496390811
"HOSPIT4224"	"PAT00252"	"M"	49.9	163	135	491	0	"Low"	"1980-03-12"	237365337942
"HOSPIT4224"	"PAT00253"	"M"	98.9	170	120	260	0	"Intermediate"	"1976-03-12"	218503035115
"HOSPIT4224"	"PAT00254"	"M"	84.4	188	125	292	0	"Intermediate"	"1963-03-12"	185412993444
"HOSPIT4224"	"PAT00255"	"M"	46.9	161	140	271	0	"Intermediate"	"1962-03-12"	189827368955
"HOSPIT4224"	"PAT00256"	"M"	99.6	203	145	248	0	"Low"	"1969-03-12"	251363051538
"HOSPIT4224"	"PAT00257"	"F"	100.3	184	120	274	0	"Low"	"1971-03-12"	218680362567
"HOSPIT4224"	"PAT00258"	"F"	68.4	176	130	394	0	"Intermediate"	"1969-03-12"	235486114062
"HOSPIT4224"	"PAT00259"	"M"	53.3	149	150	160	0	"Intermediate"	"1988-03-12"	228378249939
"HOSPIT4224"	"PAT00260"	"F"	61.2	191	150	200	0	"Low"	"1973-03-12"	205475241793
"HOSPIT4224"	"PAT00261"	"F"	98.1	NA	122	320	0	"Low"	"1969-03-12"	250832821310
"HOSPIT4224"	"PAT00262"	"M"	65.5	165	140	275	0	"Low"	"1978-03-12"	176040067475
"HOSPIT4224"	"PAT00263"	"F"	69.8	180	120	221	0	"Intermediate"	"1970-03-12"	234539853660
"HOSPIT4224"	"PAT00264"	"M"	68.7	175	120	231	0	"Intermediate"	"1978-03-12"	191384937043
"HOSPIT4224"	"PAT00265"	"M"	49.1	183	130	126	0	"Low"	"1965-03-12"	265417049143
"HOSPIT4224"	"PAT00266"	"M"	80.1	191	140	193	0	"Intermediate"	"1977-03-12"	215121176488
"HOSPIT4224"	"PAT00267"	"M"	NA	164	160	305	0	"Low"	"1970-03-12"	220598146663
"HOSPIT4224"	"PAT00268"	"M"	74.3	164	130	298	0	"Low"	"1972-03-12"	219343844705
"HOSPIT4224"	"PAT00269"	"M"	100.6	156	98	220	0	"Low"	"1990-03-12"	178513527159
"HOSPIT4224"	"PAT00270"	"M"	48.1	173	130	242	0	"Intermediate"	"1970-03-12"	254723653041
"HOSPIT4224"	"PAT00271"	"F"	46.7	NA	130	235	0	"Low"	"1977-03-12"	262563820914
"HOSPIT4224"	"PAT00272"	"M"	82.7	171	120	225	0	"Low"	"1979-03-12"	181640252722
"HOSPIT4224"	"PAT00273"	"F"	64.7	181	105	198	0	"Low"	"1992-03-12"	266694300726
"HOSPIT4224"	"PAT00274"	"M"	75.5	157	140	201	0	"Low"	"1969-03-12"	200580138184
"HOSPIT4224"	"PAT00275"	"M"	69.7	156	120	220	0	"Low"	"1969-03-12"	215819492211
"HOSPIT4224"	"PAT00276"	"F"	51.4	178	180	295	0	"Low"	"1979-03-12"	201411502229
"HOSPIT4224"	"PAT00277"	"M"	96	177	180	213	0	"Intermediate"	"1965-03-12"	213307775390
"HOSPIT4224"	"PAT00278"	"M"	101.1	155	135	160	0	"Low"	"1973-03-12"	215162675714
"HOSPIT4224"	"PAT00279"	"M"	NA	168	170	223	0	"Low"	"1972-03-12"	246395591263
"HOSPIT4224"	"PAT00280"	"F"	78.6	172	180	347	0	"Low"	"1967-03-12"	214941381502
"HOSPIT4224"	"PAT00281"	"F"	61.3	181	130	253	0	"Low"	"1970-03-12"	232496259299
"HOSPIT4224"	"PAT00282"	"M"	76.9	NA	120	246	0	"Low"	"1964-03-12"	152727367957
"HOSPIT4224"	"PAT00283"	"M"	98.5	184	150	222	0	"Low"	"1975-03-12"	214628336458
"HOSPIT4224"	"PAT00284"	"F"	82.4	177	130	220	0	"Intermediate"	"1973-03-12"	189674914739
"HOSPIT4224"	"PAT00285"	"F"	51.4	162	110	344	0	"Low"	"1969-03-12"	167567609497
"HOSPIT4224"	"PAT00286"	"M"	61.1	187	140	358	0	"Low"	"1982-03-12"	176270879439
"HOSPIT4224"	"PAT00287"	"F"	50.3	221	110	190	0	"High"	"1973-03-12"	263730005088
"HOSPIT4224"	"PAT00288"	"M"	101.2	191	140	169	0	"Low"	"1965-03-12"	176573843980
"HOSPIT4224"	"PAT00289"	"M"	77.2	190	120	181	0	"Low"	"1971-03-12"	180409534749
"HOSPIT4224"	"PAT00290"	"F"	85.6	184	133	308	0	"Low"	"1976-03-12"	230803565629
"HOSPIT4224"	"PAT00291"	"M"	55.8	178	120	166	0	"Low"	"1988-03-12"	249728236773
"HOSPIT4224"	"PAT00292"	"M"	85.4	199	110	211	0	"Intermediate"	"1976-03-12"	209043784792
"HOSPIT4224"	"PAT00293"	"F"	60.6	174	140	257	0	"Low"	"1977-03-12"	258764580501
"HOSPIT4224"	"PAT00294"	"M"	99.7	169	130	182	0	"Low"	"1971-03-12"	213087455578
"HOSPIT4224"	"PAT00295"	"M"	86.6	170	115	0	0	"Low"	"1959-03-12"	151808932767
"HOSPIT4224"	"PAT00296"	"M"	69.4	NA	95	0	1	"Low"	"1992-03-12"	171791115314
"HOSPIT4224"	"PAT00297"	"M"	68	169	105	0	1	"Low"	"1963-03-12"	189538166836
"HOSPIT4224"	"PAT00298"	"M"	91.5	183	145	0	1	"Low"	"1974-03-12"	228375273670
"HOSPIT4224"	"PAT00299"	"M"	51.4	203	110	0	1	"Low"	"1967-03-12"	213836173771
"HOSPIT4224"	"PAT00300"	"M"	79.5	204	110	0	1	"Low"	"1973-03-12"	217257918149
"HOSPIT4224"	"PAT00301"	"M"	92.3	194	110	0	1	"Intermediate"	"1977-03-12"	215257988970
"HOSPIT4224"	"PAT00302"	"M"	66.9	163	160	0	1	"Low"	"1964-03-12"	167233661517
"HOSPIT4224"	"PAT00303"	"M"	83.7	188	140	0	0	"Low"	"1969-03-12"	148481630741
"HOSPIT4224"	"PAT00304"	"M"	54.4	161	125	0	1	"High"	"1971-03-12"	205122219904
"HOSPIT4224"	"PAT00305"	"F"	71	208	120	0	1	"Intermediate"	"1962-03-12"	167497550118
"HOSPIT4224"	"PAT00306"	"M"	71	172	95	0	1	"Intermediate"	"1973-03-12"	184423715780
"HOSPIT4224"	"PAT00307"	"F"	85.4	190	120	0	1	"Low"	"1973-03-12"	254383235438
"HOSPIT4224"	"PAT00308"	"M"	100.3	153	115	0	1	"Low"	"1969-03-12"	249820982710
"HOSPIT4224"	"PAT00309"	"M"	66.1	177	130	0	0	"Low"	"1971-03-12"	179302372933
"HOSPIT4224"	"PAT00310"	"M"	72.4	208	115	0	1	"Low"	"1966-03-12"	236677960988
"HOSPIT4224"	"PAT00311"	"M"	71.7	179	95	0	1	"High"	"1967-03-12"	237198472399
"HOSPIT4224"	"PAT00312"	"M"	53	172	155	0	0	"Low"	"1959-03-12"	173778745108
"HOSPIT4224"	"PAT00313"	"M"	93.4	159	125	0	1	"Low"	"1964-03-12"	256863337157
"HOSPIT4224"	"PAT00314"	"M"	50.6	188	125	0	1	"High"	"1983-03-12"	268838695351
"HOSPIT4224"	"PAT00315"	"M"	96.9	184	115	0	1	"Low"	"1990-03-12"	219021705885
"HOSPIT4224"	"PAT00316"	"M"	55.7	223	80	0	0	"Low"	"1971-03-12"	175419427228
"HOSPIT4224"	"PAT00317"	"M"	95.8	197	145	0	1	"Intermediate"	"1950-03-12"	164862700584
"HOSPIT4224"	"PAT00318"	"M"	50.9	182	105	0	1	"Low"	"1967-03-12"	204693029973
"HOSPIT4224"	"PAT00319"	"M"	76.5	187	140	0	1	"Low"	"1968-03-12"	271580154187
"HOSPIT4224"	"PAT00320"	"M"	49.6	183	130	0	1	"Low"	"1963-03-12"	217803355101
"HOSPIT4224"	"PAT00321"	"M"	97.4	132	145	0	1	"Low"	"1956-03-12"	209101467710
"HOSPIT4224"	"PAT00322"	"M"	81.3	149	125	0	1	"Low"	"1965-03-12"	157881466878
"HOSPIT4224"	"PAT00323"	"M"	61.1	161	100	0	1	"Intermediate"	"1961-03-12"	255009586131
"HOSPIT4224"	"PAT00324"	"F"	78.3	183	105	0	1	"Low"	"1986-03-12"	211806022888
"HOSPIT4224"	"PAT00325"	"M"	48.8	173	115	0	1	"Low"	"1962-03-12"	193207902747
"HOSPIT4224"	"PAT00326"	"M"	68.8	169	100	0	1	"Low"	"1978-03-12"	270987234515
"HOSPIT4224"	"PAT00327"	"M"	101.4	171	105	0	1	"Intermediate"	"1982-03-12"	184687550738
"HOSPIT4224"	"PAT00328"	"M"	87.7	184	110	0	0	"Low"	"1979-03-12"	209778687478
"HOSPIT4224"	"PAT00329"	"M"	58.9	188	125	0	1	"Low"	"1965-03-12"	147141796117
"HOSPIT4224"	"PAT00330"	"M"	101.4	147	95	0	1	"Low"	"1972-03-12"	191487535316
"HOSPIT4224"	"PAT00331"	"M"	53.4	186	130	0	1	"High"	"1964-03-12"	168701163584
"HOSPIT4224"	"PAT00332"	"M"	50.9	194	115	0	1	"Low"	"1964-03-12"	217311456852
"HOSPIT4224"	"PAT00333"	"M"	97.7	170	115	0	1	"Low"	"1968-03-12"	156429124792
"HOSPIT4224"	"PAT00334"	"M"	46.9	182	100	0	0	"Low"	"1986-03-12"	264789328180
"HOSPIT4224"	"PAT00335"	"M"	69.2	NA	95	0	1	"Low"	"1984-03-12"	198518435802
"HOSPIT4224"	"PAT00336"	"M"	76.4	160	130	0	1	"Low"	"1973-03-12"	174672723251
"HOSPIT4224"	"PAT00337"	"M"	99.5	167	120	0	1	"Low"	"1962-03-12"	222404194679
"HOSPIT4224"	"PAT00338"	"M"	81.1	181	160	0	0	"Low"	"1952-03-12"	257795726264
"HOSPIT4224"	"PAT00339"	"M"	47.7	182	150	0	1	"Low"	"1961-03-12"	151555044951
"HOSPIT4224"	"PAT00340"	"M"	84.6	210	140	0	1	"Low"	"1961-03-12"	190155023976
"HOSPIT4224"	"PAT00341"	"F"	48.1	187	95	0	1	"Low"	"1960-03-12"	243955518770
"HOSPIT4224"	"PAT00342"	"M"	47.8	191	100	0	1	"Low"	"1981-03-12"	209506085626
"HOSPIT4224"	"PAT00343"	"M"	85.3	153	110	0	1	"Low"	"1960-03-12"	187297495055
"HOSPIT4224"	"PAT00344"	"M"	60.5	152	110	0	1	"Low"	"1963-03-12"	177221749465
"HOSPIT4224"	"PAT00345"	"M"	63	152	130	0	1	"Low"	"1972-03-12"	258095030300
"HOSPIT4224"	"PAT00346"	"M"	85.7	148	120	0	1	"Low"	"1973-03-12"	251899547645
"HOSPIT4224"	"PAT00347"	"M"	86.2	198	135	0	0	"Low"	"1955-03-12"	267737748151
"HOSPIT4224"	"PAT00348"	"M"	54.3	155	120	0	0	"Low"	"1965-03-12"	191610871043
"HOSPIT4224"	"PAT00349"	"M"	100.4	190	115	0	1	"Low"	"1976-03-12"	180070757462
"HOSPIT4224"	"PAT00350"	"M"	54	166	137	0	0	"Intermediate"	"1955-03-12"	267487172703
"HOSPIT4224"	"PAT00351"	"M"	46.5	186	110	0	1	"Intermediate"	"1988-03-12"	201811189162
"HOSPIT4224"	"PAT00352"	"M"	98.8	144	120	0	1	"Intermediate"	"1971-03-12"	168887389048
"HOSPIT4224"	"PAT00353"	"M"	83.5	188	140	0	0	"Low"	"1981-03-12"	220308573271
"HOSPIT4224"	"PAT00354"	"M"	60.1	187	120	0	0	"Low"	"1968-03-12"	162725205844
"HOSPIT4224"	"PAT00355"	"M"	100.8	154	130	0	0	"Low"	"1966-03-12"	161411825971
"HOSPIT4224"	"PAT00356"	"M"	78.1	1.58	120	0	0	"Low"	"1969-03-12"	225611890058
"HOSPIT4224"	"PAT00357"	"M"	95	179	145	0	0	"Low"	"1957-03-12"	192579751973
"HOSPIT4224"	"PAT00358"	"M"	NA	168	115	0	0	"Low"	"1978-03-12"	263661458556
"HOSPIT4224"	"PAT00359"	"M"	71.8	136	120	0	0	"Intermediate"	"1971-03-12"	252456660787
"HOSPIT4224"	"PAT00360"	"M"	98.8	160	115	0	0	"Low"	"1986-03-12"	181946485917
"HOSPIT4224"	"PAT00361"	"M"	98.2	171	105	0	0	"Low"	"1971-03-12"	235214876586
"HOSPIT4224"	"PAT00362"	"M"	89.9	180	160	0	0	"Low"	"1962-03-12"	182804050851
"HOSPIT4224"	"PAT00363"	"M"	88.5	154	160	0	0	"Low"	"1977-03-12"	187696372160
"HOSPIT4224"	"PAT00364"	"M"	96.2	193	155	0	0	"Low"	"1968-03-12"	200157452325
"HOSPIT4224"	"PAT00365"	"M"	48.9	167	120	0	0	"Intermediate"	"1968-03-12"	203985188609
"HOSPIT4224"	"PAT00366"	"M"	61.6	NA	120	0	0	"Low"	"1968-03-12"	227732016055
"HOSPIT4224"	"PAT00367"	"F"	60.6	181	200	0	0	"Low"	"1960-03-12"	259921876639
"HOSPIT4224"	"PAT00368"	"M"	94.1	155	150	0	0	"Low"	"1963-03-12"	196755921433
"HOSPIT4224"	"PAT00369"	"M"	65.2	178	135	0	0	"Low"	"1956-03-12"	209546614891
"HOSPIT4224"	"PAT00370"	"M"	96.6	157	140	0	0	"Intermediate"	"1967-03-12"	179211448836
"HOSPIT4224"	"PAT00371"	"M"	92	194	150	0	0	"Intermediate"	"1961-03-12"	209919806005
"HOSPIT4224"	"PAT00372"	"M"	54	186	135	0	0	"Low"	"1964-03-12"	246433836237
"HOSPIT4224"	"PAT00373"	"M"	71.7	159	150	0	0	"Intermediate"	"1958-03-12"	168312566085
"HOSPIT4224"	"PAT00374"	"M"	59.7	181	185	0	0	"Low"	"1961-03-12"	227408952898
"HOSPIT4224"	"PAT00375"	"M"	66.1	179	135	0	0	"Low"	"1965-03-12"	196162468123
"HOSPIT4224"	"PAT00376"	"M"	90.4	200	125	0	0	"Low"	"1963-03-12"	262337018465
"HOSPIT4224"	"PAT00377"	"F"	67.3	189	160	0	0	"Low"	"1951-03-12"	201746652774
"HOSPIT4224"	"PAT00378"	"M"	94.3	156	155	0	0	"Low"	"1977-03-12"	202383365147
"HOSPIT4224"	"PAT00379"	"M"	96.6	181	160	0	1	"High"	"1959-03-12"	259283919651
"HOSPIT4224"	"PAT00380"	"M"	87.4	177	140	0	1	"Low"	"1954-03-12"	201556615087
"HOSPIT4224"	"PAT00381"	"M"	78.7	NA	120	0	0	"Low"	"1974-03-12"	205378812369
"HOSPIT4224"	"PAT00382"	"M"	70.5	157	160	0	0	"Low"	"1964-03-12"	205992209076
"HOSPIT4224"	"PAT00383"	"M"	79	151	115	0	0	"Average"	"1974-03-12"	262236601331
"HOSPIT4224"	"PAT00384"	"M"	51.5	186	115	0	0	"Low"	"1981-03-12"	228396403075
"HOSPIT4224"	"PAT00385"	"F"	93.3	157	110	0	0	"Intermediate"	"1986-03-12"	167414163492
"HOSPIT4224"	"PAT00386"	"M"	71	177	120	0	0	"Low"	"1970-03-12"	268069178583
"HOSPIT4224"	"PAT00387"	"M"	88.2	205	150	0	0	"Low"	"1963-03-12"	223661519712
"HOSPIT4224"	"PAT00388"	"M"	54.6	203	145	0	0	"Low"	"1982-03-12"	199400872194
"HOSPIT4224"	"PAT00389"	"M"	90.4	199	130	0	0	"Low"	"1971-03-12"	219119823609
"HOSPIT4224"	"PAT00390"	"M"	NA	171	140	0	0	"Low"	"1969-03-12"	195453884722
"HOSPIT4224"	"PAT00391"	"M"	91.1	174	160	0	1	"High"	"1963-03-12"	220934012031
"HOSPIT4224"	"PAT00392"	"M"	64.9	174	140	0	0	"Low"	"1973-03-12"	235511171256
"HOSPIT4224"	"PAT00393"	"M"	65.9	195	115	0	0	"Intermediate"	"1954-03-12"	191871648920
"HOSPIT4224"	"PAT00394"	"M"	90.9	159	130	0	0	"Low"	"1963-03-12"	161147618996
"HOSPIT4224"	"PAT00395"	"M"	48.6	193	150	0	1	"Low"	"1986-03-12"	265951641843
"HOSPIT4224"	"PAT00396"	"M"	76.4	194	160	0	1	"Intermediate"	"1967-03-12"	175839584134
"HOSPIT4224"	"PAT00397"	"M"	79.7	160	135	0	1	"Low"	"1986-03-12"	255076356404
"HOSPIT4224"	"PAT00398"	"F"	47.1	175	140	0	1	"Low"	"1962-03-12"	197705715064
"HOSPIT4224"	"PAT00399"	"M"	63.6	171	170	0	1	"Low"	"1966-03-12"	155929792490
"HOSPIT4224"	"PAT00400"	"M"	56.6	152	165	0	1	"Low"	"1972-03-12"	235438176058
"HOSPIT4224"	"PAT00401"	"M"	88.3	177	200	0	1	"Low"	"1963-03-12"	196255430175
"HOSPIT4224"	"PAT00402"	"F"	74	181	160	0	1	"Low"	"1974-03-12"	159611919101
"HOSPIT4224"	"PAT00403"	"M"	NA	183	130	0	1	"Low"	"1973-03-12"	178557598880
"HOSPIT4224"	"PAT00404"	"M"	60.4	188	145	0	1	"Low"	"1959-03-12"	202200082192
"HOSPIT4224"	"PAT00405"	"M"	92.3	167	135	0	1	"Intermediate"	"1972-03-12"	148639547149
"HOSPIT4224"	"PAT00406"	"M"	87.3	189	110	0	1	"Low"	"1977-03-12"	148089028615
"HOSPIT4224"	"PAT00407"	"M"	54.4	194	120	0	1	"Intermediate"	"1989-03-12"	241049427960
"HOSPIT4224"	"PAT00408"	"M"	48	125	140	0	1	"Low"	"1967-03-12"	264916365012
"HOSPIT4224"	"PAT00409"	"M"	73.7	150	115	0	1	"High"	"1962-03-12"	242945409450
"HOSPIT4224"	"PAT00410"	"M"	63	168	110	0	1	"Intermediate"	"1965-03-12"	218481474556
"HOSPIT4224"	"PAT00411"	"M"	60.2	185	160	0	1	"Low"	"1971-03-12"	233650865109
"HOSPIT4224"	"PAT00412"	"M"	78.8	155	150	0	1	"Low"	"1962-03-12"	178179729219
"HOSPIT4224"	"PAT00413"	"M"	92.6	165	180	0	1	"Low"	"1970-03-12"	199491363144
"HOSPIT4224"	"PAT00414"	"M"	50.7	NA	125	0	1	"High"	"1968-03-12"	257229503576
"HOSPIT4224"	"PAT00415"	"M"	73.1	152	125	0	1	"Intermediate"	"1968-03-12"	165156764130
"HOSPIT4224"	"PAT00416"	"M"	84.4	205	130	0	1	"Low"	"1970-03-12"	270965820272
"HOSPIT4224"	"PAT00417"	"F"	NA	153	155	0	1	"Low"	"1958-03-12"	173617072777
"HOSPIT4224"	"PAT00418"	"M"	66.5	175	140	260	0	"Low"	"1961-03-12"	267624274859
"HOSPIT4224"	"PAT00419"	"M"	90.6	161	130	209	0	"Low"	"1980-03-12"	162059557889
"HOSPIT4224"	"PAT00420"	"M"	71.4	167	132	218	0	"Low"	"1964-03-12"	160786719462
"HOSPIT4224"	"PAT00421"	"M"	57.3	168	142	228	0	"High"	"1969-03-12"	237034655125
"HOSPIT4224"	"PAT00422"	"M"	52	168	110	213	1	"High"	"1958-03-12"	173633502884
"HOSPIT4224"	"PAT00423"	"M"	89.3	160	120	0	0	"Intermediate"	"1958-03-12"	198157850442
"HOSPIT4224"	"PAT00424"	"M"	70.3	153	150	236	1	"Low"	"1959-03-12"	165055003887
"HOSPIT4224"	"PAT00425"	"M"	NA	147	180	0	0	"Low"	"1964-03-12"	212674676322
"HOSPIT4224"	"PAT00426"	"M"	87.2	188	120	0	1	"Low"	"1964-03-12"	229666958392
"HOSPIT4224"	"PAT00427"	"M"	95.7	179	160	267	1	"High"	"1964-03-12"	192155008684
"HOSPIT4224"	"PAT00428"	"M"	84.8	156	126	166	0	"Low"	"1968-03-12"	269831309928
"HOSPIT4224"	"PAT00429"	"M"	46.6	184	140	0	0	"High"	"1965-03-12"	234387694206
"HOSPIT4224"	"PAT00430"	"M"	80.4	NA	110	0	0	"Low"	"1962-03-12"	186058842855
"HOSPIT4224"	"PAT00431"	"M"	81.5	191	133	0	0	"Low"	"1961-03-12"	228299025176
"HOSPIT4224"	"PAT00432"	"M"	67.9	192	128	0	1	"High"	"1967-03-12"	150674745073
"HOSPIT4224"	"PAT00433"	"M"	86.7	201	120	220	0	"Low"	"1962-03-12"	198782371456
"HOSPIT4224"	"PAT00434"	"M"	81.6	188	170	177	0	"High"	"1961-03-12"	197317759288
"HOSPIT4224"	"PAT00435"	"M"	63.7	209	110	236	0	"High"	"1978-03-12"	255071773302
"HOSPIT4224"	"PAT00436"	"M"	NA	184	126	0	0	"Low"	"1961-03-12"	199026867118
"HOSPIT4224"	"PAT00437"	"M"	49.8	172	152	0	0	"Low"	"1964-03-12"	224604879986
"HOSPIT4224"	"PAT00438"	"M"	96	197	116	0	0	"Low"	"1966-03-12"	273494014526
"HOSPIT4224"	"PAT00439"	"M"	100.4	175	120	0	1	"Intermediate"	"1960-03-12"	173398630684
"HOSPIT4224"	"PAT00440"	"M"	89.2	195	130	0	0	"Low"	"1961-03-12"	185119490104
"HOSPIT4224"	"PAT00441"	"M"	83.8	151	138	0	0	"Low"	"1950-03-12"	152507675458
"HOSPIT4224"	"PAT00442"	"M"	89.1	193	128	0	0	"Low"	"1972-03-12"	248183239509
"HOSPIT4224"	"PAT00443"	"M"	86.2	152	130	0	1	"Intermediate"	"1955-03-12"	157450066825
"HOSPIT4224"	"PAT00444"	"M"	72.3	177	128	0	1	"Intermediate"	"1973-03-12"	246409300215
"HOSPIT4224"	"PAT00445"	"M"	51	182	130	186	1	"Low"	"1964-03-12"	261913192199
"HOSPIT4224"	"PAT00446"	"M"	NA	162	120	100	0	"Low"	"1968-03-12"	220767751342
"HOSPIT4224"	"PAT00447"	"M"	46.1	188	136	228	0	"Low"	"1969-03-12"	218616083323
"HOSPIT4224"	"PAT00448"	"M"	47.2	200	130	0	0	"Intermediate"	"1970-03-12"	218428457190
"HOSPIT4224"	"PAT00449"	"M"	74	156	124	171	0	"Low"	"1947-03-12"	194963734650
"HOSPIT4224"	"PAT00450"	"M"	NA	161	160	230	1	"Low"	"1961-03-12"	215337456587
"HOSPIT4224"	"PAT00451"	"M"	75.8	168	0	0	0	"Low"	"1969-03-12"	176897330934
"HOSPIT4224"	"PAT00452"	"M"	54.8	155	122	0	0	"Low"	"1972-03-12"	187205282359
"HOSPIT4224"	"PAT00453"	"M"	66.2	209	144	0	0	"Intermediate"	"1960-03-12"	261291836464
"HOSPIT4224"	"PAT00454"	"M"	90.3	158	140	281	0	"Low"	"1964-03-12"	262731183091
"HOSPIT4224"	"PAT00455"	"M"	51.6	145	120	0	0	"Low"	"1964-03-12"	183407806629
"HOSPIT4224"	"PAT00456"	"M"	71.3	162	136	203	1	"Intermediate"	"1966-03-12"	225952646926
"HOSPIT4224"	"PAT00457"	"M"	80.3	182	154	0	0	"Low"	"1965-03-12"	223437338899
"HOSPIT4224"	"PAT00458"	"M"	58.2	169	120	0	0	"Low"	"1963-03-12"	239602851861
"HOSPIT4224"	"PAT00459"	"M"	49.9	165	125	0	1	"Low"	"1984-03-12"	199376993017
"HOSPIT4224"	"PAT00460"	"M"	79	167	134	0	1	"Low"	"1963-03-12"	220577834164
"HOSPIT4224"	"PAT00461"	"M"	76.2	191	104	0	0	"Low"	"1983-03-12"	153102731000
"HOSPIT4224"	"PAT00462"	"M"	82.9	184	139	277	1	"Intermediate"	"1967-03-12"	202953664861
"HOSPIT4224"	"PAT00463"	"M"	99.1	169	136	0	0	"Low"	"1961-03-12"	246075713418
"HOSPIT4224"	"PAT00464"	"M"	57.9	146	122	233	0	"Low"	"1965-03-12"	234177953663
"HOSPIT4224"	"PAT00465"	"M"	61.8	NA	128	0	0	"Low"	"1973-03-12"	251313636957
"HOSPIT4224"	"PAT00466"	"M"	95.5	175	131	0	0	"Low"	"1965-03-12"	185778641884
"HOSPIT4224"	"PAT00467"	"M"	55.2	168	134	240	0	"Low"	"1982-03-12"	234261137860
"HOSPIT4224"	"PAT00468"	"M"	100	184	120	0	0	"Low"	"1969-03-12"	272549139064
"HOSPIT4224"	"PAT00469"	"F"	49.2	179	132	0	0	"Intermediate"	"1961-03-12"	165385800663
"HOSPIT4224"	"PAT00470"	"M"	93	181	152	153	0	"Intermediate"	"1962-03-12"	220306188000
"HOSPIT4224"	"PAT00471"	"M"	NA	161	124	224	1	"High"	"1968-03-12"	197093678725
"HOSPIT4224"	"PAT00472"	"M"	NA	143	126	0	0	"Low"	"1971-03-12"	273675122491
"HOSPIT4224"	"PAT00473"	"M"	73.2	146	138	0	0	"Low"	"1956-03-12"	270788153064
"HOSPIT4224"	"PAT00474"	"M"	83.6	174	154	0	1	"Low"	"1971-03-12"	239377502874
"HOSPIT4224"	"PAT00475"	"M"	85	162	141	316	1	"Intermediate"	"1964-03-12"	239826678126
"HOSPIT4224"	"PAT00476"	"M"	NA	164	131	0	0	"High"	"1962-03-12"	222067313654
"HOSPIT4224"	"PAT00477"	"M"	51.1	141	178	0	1	"Low"	"1965-03-12"	179109646268
"HOSPIT4224"	"PAT00478"	"M"	98.4	168	132	218	1	"Low"	"1973-03-12"	148983683433
"HOSPIT4224"	"PAT00479"	"M"	68.8	162	110	0	1	"Low"	"1963-03-12"	239047560102
"HOSPIT4224"	"PAT00480"	"M"	71.8	186	130	311	1	"Low"	"1967-03-12"	162112168577
"HOSPIT4224"	"PAT00481"	"M"	80.6	163	170	0	0	"Low"	"1968-03-12"	193727122124
"HOSPIT4224"	"PAT00482"	"M"	69.1	159	126	0	1	"Low"	"1966-03-12"	153288120772
"HOSPIT4224"	"PAT00483"	"M"	98.1	183	140	0	1	"Intermediate"	"1955-03-12"	177805152442
"HOSPIT4224"	"PAT00484"	"M"	65.9	173	142	270	1	"High"	"1957-03-12"	236608201319
"HOSPIT4224"	"PAT00485"	"M"	92.9	146	120	0	0	"Intermediate"	"1966-03-12"	211777834420
"HOSPIT4224"	"PAT00486"	"M"	78.1	193	134	0	0	"Intermediate"	"1959-03-12"	189056350966
"HOSPIT4224"	"PAT00487"	"M"	71	162	139	217	1	"Intermediate"	"1961-03-12"	239526415382
"HOSPIT4224"	"PAT00488"	"M"	71.1	198	110	214	1	"Low"	"1969-03-12"	262534021459
"HOSPIT4224"	"PAT00489"	"M"	86.4	213	140	214	0	"Low"	"1967-03-12"	169284057253
"HOSPIT4224"	"PAT00490"	"M"	51.2	180	140	252	0	"Low"	"1959-03-12"	212692284976
"HOSPIT4224"	"PAT00491"	"M"	97.9	181	136	220	0	"Low"	"1970-03-12"	210713872973
"HOSPIT4224"	"PAT00492"	"M"	91.2	180	120	214	0	"Low"	"1952-03-12"	178776886946
"HOSPIT4224"	"PAT00493"	"M"	53.5	183	170	203	1	"Low"	"1949-03-12"	269076127460
"HOSPIT4224"	"PAT00494"	"M"	71.6	192	130	0	0	"Low"	"1975-03-12"	185241740732
"HOSPIT4224"	"PAT00495"	"M"	82	193	137	339	0	"Low"	"1973-03-12"	208311167492
"HOSPIT4224"	"PAT00496"	"M"	67.6	153	142	216	0	"Average"	"1964-03-12"	235109809608
"HOSPIT4224"	"PAT00497"	"F"	49.3	188	142	276	0	"Low"	"1960-03-12"	182858749595
"HOSPIT4224"	"PAT00498"	"M"	91.2	163	132	458	1	"Low"	"1966-03-12"	210778267056
"HOSPIT4224"	"PAT00499"	"M"	64.4	165	146	241	0	"Low"	"1963-03-12"	218484577227
"HOSPIT4224"	"PAT00500"	"M"	88	179	160	384	1	"High"	"1957-03-12"	247657651638
"HOSPIT4224"	"PAT00501"	"M"	99.3	180	135	297	0	"Low"	"1962-03-12"	164099782053
"HOSPIT4224"	"PAT00502"	"M"	87.1	177	136	248	0	"Low"	"1959-03-12"	180324463248
"HOSPIT4224"	"PAT00503"	"M"	62.3	200	130	308	0	"Low"	"1961-03-12"	170624324779
"HOSPIT4224"	"PAT00504"	"M"	91.2	190	140	208	0	"High"	"1955-03-12"	230022140485
"HOSPIT4224"	"PAT00505"	"M"	100.3	155	132	227	1	"Low"	"1973-03-12"	252763079169
"HOSPIT4224"	"PAT00506"	"M"	74.5	176	158	210	1	"Low"	"1962-03-12"	230082316186
"HOSPIT4224"	"PAT00507"	"M"	77.2	150	136	245	1	"Low"	"1969-03-12"	153049662094
"HOSPIT4224"	"PAT00508"	"M"	90.6	188	136	225	0	"Low"	"1949-03-12"	263773434587
"HOSPIT4224"	"PAT00509"	"M"	NA	139	106	240	0	"Intermediate"	"1984-03-12"	204124589740
"HOSPIT4224"	"PAT00510"	"M"	67.9	157	120	0	1	"High"	"1957-03-12"	177796753394
"HOSPIT4224"	"PAT00511"	"M"	57.5	183	110	198	0	"Low"	"1966-03-12"	273773488781
"HOSPIT4224"	"PAT00512"	"M"	63.4	191	136	195	0	"Intermediate"	"1964-03-12"	244421508862
"HOSPIT4224"	"PAT00513"	"M"	85	138	160	267	1	"Low"	"1961-03-12"	156605936992
"HOSPIT4224"	"PAT00514"	"M"	NA	142	123	161	0	"Intermediate"	"1989-03-12"	177269267430
"HOSPIT4224"	"PAT00515"	"M"	75.3	155	112	258	0	"Intermediate"	"1962-03-12"	229049135336
"HOSPIT4224"	"PAT00516"	"M"	61.2	168	122	0	0	"Low"	"1981-03-12"	203482712426
"HOSPIT4224"	"PAT00517"	"M"	82.1	171	130	0	1	"Low"	"1961-03-12"	263294906550
"HOSPIT4224"	"PAT00518"	"M"	95.7	152	150	195	1	"Low"	"1956-03-12"	246912404998
"HOSPIT4224"	"PAT00519"	"M"	101.6	168	150	235	0	"Low"	"1959-03-12"	161431921744
"HOSPIT4224"	"PAT00520"	"M"	92	166	102	0	1	"Low"	"1976-03-12"	239506230268
"HOSPIT4224"	"PAT00521"	"M"	85.1	195	96	305	0	"Intermediate"	"1961-03-12"	261594270035
"HOSPIT4224"	"PAT00522"	"M"	94	165	130	223	0	"Intermediate"	"1960-03-12"	187562276212
"HOSPIT4224"	"PAT00523"	"M"	48.9	201	120	282	0	"Low"	"1963-03-12"	217465173026
"HOSPIT4224"	"PAT00524"	"M"	101.1	173	144	349	0	"Low"	"1974-03-12"	242658471246
"HOSPIT4224"	"PAT00525"	"M"	46.6	184	124	160	0	"Low"	"1965-03-12"	256256052515
"HOSPIT4224"	"PAT00526"	"M"	93.8	183	150	160	0	"Intermediate"	"1969-03-12"	265469948853
"HOSPIT4224"	"PAT00527"	"M"	70.2	177	130	236	0	"Low"	"1979-03-12"	185712329560
"HOSPIT4224"	"PAT00528"	"M"	59.2	175	144	312	0	"Intermediate"	"1959-03-12"	168748287075
"HOSPIT4224"	"PAT00529"	"M"	80.5	146	139	283	0	"Intermediate"	"1963-03-12"	227865959222
"HOSPIT4224"	"PAT00530"	"M"	51.5	158	131	142	0	"Low"	"1975-03-12"	259211555691
"HOSPIT4224"	"PAT00531"	"M"	61.3	173	143	211	0	"Low"	"1952-03-12"	232248014917
"HOSPIT4224"	"PAT00532"	"M"	76.8	173	133	218	0	"Low"	"1974-03-12"	251638631470
"HOSPIT4224"	"PAT00533"	"M"	78.3	168	143	306	1	"Intermediate"	"1960-03-12"	175306376823
"HOSPIT4224"	"PAT00534"	"M"	95.1	NA	116	186	1	"Intermediate"	"1969-03-12"	232276516978
"HOSPIT4224"	"PAT00535"	"M"	96	192	110	252	0	"Low"	"1961-03-12"	207744165204
"HOSPIT4224"	"PAT00536"	"M"	98.8	184	125	222	0	"Low"	"1965-03-12"	155228522731
"HOSPIT4224"	"PAT00537"	"M"	54.9	188	130	0	0	"High"	"1968-03-12"	175646656101
"HOSPIT4224"	"PAT00538"	"M"	83.3	218	133	0	1	"Low"	"1962-03-12"	271088322786
"HOSPIT4224"	"PAT00539"	"M"	66.1	NA	150	258	1	"Low"	"1950-03-12"	195892430769
"HOSPIT4224"	"PAT00540"	"M"	69.8	172	130	202	1	"Low"	"1970-03-12"	180918065418
"HOSPIT4224"	"PAT00541"	"M"	NA	162	110	197	0	"Intermediate"	"1967-03-12"	238594222035
"HOSPIT4224"	"PAT00542"	"M"	NA	172	138	204	0	"Intermediate"	"1962-03-12"	171732632780
"HOSPIT4224"	"PAT00543"	"M"	85.6	172	104	113	0	"Low"	"1948-03-12"	150995247567
"HOSPIT4224"	"PAT00544"	"F"	49.7	195	138	274	0	"Intermediate"	"1970-03-12"	274520233098
"HOSPIT4224"	"PAT00545"	"M"	63.5	183	170	192	0	"Low"	"1954-03-12"	165150447619
"HOSPIT4224"	"PAT00546"	"F"	53.7	179	140	298	1	"Low"	"1963-03-12"	224934948739
"HOSPIT4224"	"PAT00547"	"M"	48.6	165	132	272	0	"Low"	"1976-03-12"	151298360874
"HOSPIT4224"	"PAT00548"	"M"	51.7	183	132	220	1	"Intermediate"	"1976-03-12"	196883126934
"HOSPIT4224"	"PAT00549"	"M"	100.1	181	142	200	1	"Low"	"1963-03-12"	167099071724
"HOSPIT4224"	"PAT00550"	"M"	69.3	153	112	261	0	"Low"	"1958-03-12"	191808033375
"HOSPIT4224"	"PAT00551"	"M"	57.4	171	139	181	1	"High"	"1956-03-12"	263570188599
"HOSPIT4224"	"PAT00552"	"M"	NA	NA	172	260	0	"Low"	"1969-03-12"	164321117557
"HOSPIT4224"	"PAT00553"	"M"	66.1	178	120	220	0	"Low"	"1962-03-12"	212185282921
"HOSPIT4224"	"PAT00554"	"M"	51.9	146	144	221	0	"Low"	"1953-03-12"	177591806134
"HOSPIT4224"	"PAT00555"	"M"	65.5	180	145	216	1	"Low"	"1950-03-12"	150831825529
"HOSPIT4224"	"PAT00556"	"M"	51.5	233	155	175	1	"High"	"1971-03-12"	227079466035
"HOSPIT4224"	"PAT00557"	"M"	62.9	189	150	219	0	"Low"	"1966-03-12"	233300110722
"HOSPIT4224"	"PAT00558"	"M"	72.6	175	160	310	1	"Low"	"1949-03-12"	150596661878
"HOSPIT4224"	"PAT00559"	"M"	99.5	151	137	208	1	"Low"	"1968-03-12"	153512117550
"HOSPIT4224"	"PAT00560"	"M"	80.3	167	137	232	0	"Low"	"1966-03-12"	185626063268
"HOSPIT4224"	"PAT00561"	"M"	93.2	206	134	273	0	"Low"	"1960-03-12"	233430119999
"HOSPIT4224"	"PAT00562"	"M"	84.6	183	133	203	0	"Intermediate"	"1970-03-12"	217872265459
"HOSPIT4224"	"PAT00563"	"M"	75.6	159	132	182	0	"Low"	"1970-03-12"	156760463431
"HOSPIT4224"	"PAT00564"	"M"	54.4	NA	140	274	0	"Low"	"1965-03-12"	185925642767
"HOSPIT4224"	"PAT00565"	"M"	55.8	201	135	204	1	"Low"	"1969-03-12"	205303431419
"HOSPIT4224"	"PAT00566"	"M"	83.1	184	144	270	1	"High"	"1967-03-12"	152906889557
"HOSPIT4224"	"PAT00567"	"M"	48	123	141	292	0	"Intermediate"	"1963-03-12"	222594844636
"HOSPIT4224"	"PAT00568"	"M"	79.1	119	150	171	0	"Low"	"1983-03-12"	168113699800
"HOSPIT4224"	"PAT00569"	"M"	78.3	162	130	221	0	"Low"	"1953-03-12"	231292249905
"HOSPIT4224"	"PAT00570"	"M"	51.8	207	110	289	0	"Low"	"1986-03-12"	228982149267
"HOSPIT4224"	"PAT00571"	"M"	70.5	207	158	217	0	"Low"	"1969-03-12"	202514661076
"HOSPIT4224"	"PAT00572"	"M"	54.6	183	128	223	0	"High"	"1968-03-12"	153821156932
"HOSPIT4224"	"PAT00573"	"M"	81.2	171	140	110	1	"Low"	"1955-03-12"	182617004288
"HOSPIT4224"	"PAT00574"	"M"	53.3	191	150	193	0	"Low"	"1960-03-12"	251310766540
"HOSPIT4224"	"PAT00575"	"M"	57.2	168	160	123	1	"Intermediate"	"1952-03-12"	255273585868
"HOSPIT4224"	"PAT00576"	"M"	92.1	161	142	210	1	"Low"	"1955-03-12"	225371314019
"HOSPIT4224"	"PAT00577"	"M"	79	189	137	282	1	"Low"	"1968-03-12"	244352944619
"HOSPIT4224"	"PAT00578"	"M"	49.4	164	139	170	0	"High"	"1962-03-12"	245063434971
"HOSPIT4224"	"PAT00579"	"M"	101.7	149	146	369	0	"High"	"1957-03-12"	157726959548
"HOSPIT4224"	"PAT00580"	"M"	62.8	NA	156	173	0	"Low"	"1967-03-12"	210337454665
"HOSPIT4224"	"PAT00581"	"M"	61.1	175	145	289	1	"Low"	"1955-03-12"	164569604614
"HOSPIT4224"	"PAT00582"	"M"	85.8	165	131	152	1	"Low"	"1973-03-12"	147758236368
"HOSPIT4224"	"PAT00583"	"M"	69.3	177	140	208	0	"Low"	"1976-03-12"	146835630110
"HOSPIT4224"	"PAT00584"	"M"	96.5	163	122	216	1	"Low"	"1955-03-12"	150853850318
"HOSPIT4224"	"PAT00585"	"M"	79	192	142	271	0	"Intermediate"	"1955-03-12"	242163083588
"HOSPIT4224"	"PAT00586"	"M"	60.2	161	141	244	1	"Low"	"1960-03-12"	256383377995
"HOSPIT4224"	"PAT00587"	"M"	NA	163	180	285	1	"Low"	"1967-03-12"	179293350589
"HOSPIT4224"	"PAT00588"	"M"	94.2	180	124	243	0	"High"	"1971-03-12"	163111125211
"HOSPIT4224"	"PAT00589"	"M"	75.7	172	118	240	0	"Low"	"1987-03-12"	197703603860
"HOSPIT4224"	"PAT00590"	"M"	77	198	140	219	0	"Low"	"1957-03-12"	219903670091
"HOSPIT4224"	"PAT00591"	"M"	88.7	156	140	237	1	"Low"	"1950-03-12"	262876984841
"HOSPIT4224"	"PAT00592"	"M"	49.7	164	136	165	0	"Low"	"1961-03-12"	232910939073
"HOSPIT4224"	"PAT00593"	"M"	72	184	100	213	0	"Low"	"1966-03-12"	273451013595
"HOSPIT4224"	"PAT00594"	"M"	66.7	167	190	287	1	"Low"	"1963-03-12"	195639559317
"HOSPIT4224"	"PAT00595"	"M"	59.5	186	130	258	1	"Intermediate"	"1960-03-12"	180692141002
"HOSPIT4224"	"PAT00596"	"M"	78.7	160	160	256	1	"Low"	"1966-03-12"	261365282689
"HOSPIT4224"	"PAT00597"	"M"	59.1	151	130	186	1	"Low"	"1964-03-12"	202395770406
"HOSPIT4224"	"PAT00598"	"M"	48.3	174	122	264	0	"Intermediate"	"1967-03-12"	203317211834
"HOSPIT4224"	"PAT00599"	"M"	94.2	152	133	185	0	"Intermediate"	"1969-03-12"	271500855721
"HOSPIT4224"	"PAT00600"	"M"	76.2	132	120	226	0	"Low"	"1969-03-12"	250867200201
"HOSPIT4224"	"PAT00601"	"M"	NA	182	130	203	1	"High"	"1968-03-12"	237782969218
"HOSPIT4224"	"PAT00602"	"M"	73.2	176	130	207	0	"Intermediate"	"1967-03-12"	205004260305
"HOSPIT4224"	"PAT00603"	"M"	90.5	196	140	284	0	"High"	"1963-03-12"	234310984339
"HOSPIT4224"	"PAT00604"	"M"	60.1	188	120	337	0	"Low"	"1963-03-12"	203433609744
"HOSPIT4224"	"PAT00605"	"M"	NA	175	150	219	0	"Low"	"1966-03-12"	199326799436
"HOSPIT4224"	"PAT00606"	"M"	67.1	163	155	310	0	"Low"	"1950-03-12"	161479679560
"HOSPIT4224"	"PAT00607"	"M"	78.4	179	134	254	1	"Low"	"1956-03-12"	235886808785
"HOSPIT4224"	"PAT00608"	"F"	63.9	159	114	258	1	"Low"	"1973-03-12"	238355886832
"HOSPIT4224"	"PAT00609"	"M"	76.8	163	160	254	1	"High"	"1962-03-12"	176778122269
"HOSPIT4224"	"PAT00610"	"M"	68.6	172	144	300	1	"Low"	"1971-03-12"	192003405782
"HOSPIT4224"	"PAT00611"	"M"	96.1	177	158	170	0	"High"	"1962-03-12"	231333763801
"HOSPIT4224"	"PAT00612"	"M"	88.9	170	134	310	0	"Low"	"1978-03-12"	218486003027
"HOSPIT4224"	"PAT00613"	"F"	71.7	199	127	333	1	"Low"	"1970-03-12"	216891609005
"HOSPIT4224"	"PAT00614"	"M"	72.8	178	135	139	0	"Low"	"1962-03-12"	199803390599
"HOSPIT4224"	"PAT00615"	"M"	95	190	122	223	1	"Low"	"1969-03-12"	160455407354
"HOSPIT4224"	"PAT00616"	"M"	77.3	155	140	385	1	"Intermediate"	"1966-03-12"	214057689839
"HOSPIT4224"	"PAT00617"	"M"	84.4	187	120	254	0	"Intermediate"	"1962-03-12"	193448283889
"HOSPIT4224"	"PAT00618"	"M"	57.5	164	130	322	0	"Low"	"1954-03-12"	182579410531
"HOSPIT4224"	"PAT00619"	"F"	71.4	185	115	564	0	"Low"	"1957-03-12"	251817170416
"HOSPIT4224"	"PAT00620"	"M"	46.3	189	124	261	0	"Low"	"1967-03-12"	170618616994
"HOSPIT4224"	"PAT00621"	"M"	84.6	155	128	263	0	"Intermediate"	"1960-03-12"	234148977727
"HOSPIT4224"	"PAT00622"	"F"	87.3	207	120	269	0	"Intermediate"	"1950-03-12"	200440948288
"HOSPIT4224"	"PAT00623"	"M"	NA	156	120	177	0	"Low"	"1959-03-12"	239205862755
"HOSPIT4224"	"PAT00624"	"M"	99.3	204	130	256	1	"Low"	"1968-03-12"	171137676986
"HOSPIT4224"	"PAT00625"	"M"	50.8	188	110	239	0	"Low"	"1965-03-12"	179793120021
"HOSPIT4224"	"PAT00626"	"M"	61.9	171	140	293	0	"Low"	"1964-03-12"	203452274448
"HOSPIT4224"	"PAT00627"	"F"	97.9	202	150	407	0	"Low"	"1961-03-12"	180767807447
"HOSPIT4224"	"PAT00628"	"M"	84.8	176	135	234	0	"Low"	"1965-03-12"	223816306947
"HOSPIT4224"	"PAT00629"	"M"	63.8	181	142	226	0	"Low"	"1971-03-12"	265766353175
"HOSPIT4224"	"PAT00630"	"M"	70.5	181	140	235	0	"High"	"1980-03-12"	271003966139
"HOSPIT4224"	"PAT00631"	"M"	80.7	NA	134	234	0	"High"	"1963-03-12"	161765131367
"HOSPIT4224"	"PAT00632"	"F"	51.5	159	128	303	0	"Low"	"1967-03-12"	221136247440
"HOSPIT4224"	"PAT00633"	"F"	NA	173	112	149	0	"Low"	"1953-03-12"	167059098430
"HOSPIT4224"	"PAT00634"	"M"	51.5	160	140	311	0	"Low"	"1978-03-12"	219346845125
"HOSPIT4224"	"PAT00635"	"M"	67.4	179	140	203	1	"Low"	"1971-03-12"	161545676594
"HOSPIT4224"	"PAT00636"	"M"	94.2	168	110	211	0	"Low"	"1960-03-12"	193268085854
"HOSPIT4224"	"PAT00637"	"M"	99.6	178	140	199	0	"Low"	"1984-03-12"	227907366926
"HOSPIT4224"	"PAT00638"	"M"	69.8	170	120	229	0	"Low"	"1957-03-12"	226713640764
"HOSPIT4224"	"PAT00639"	"M"	83.3	175	130	245	0	"Low"	"1976-03-12"	240838052329
"HOSPIT4224"	"PAT00640"	"M"	69.6	167	115	303	0	"Low"	"1981-03-12"	173943243328
"HOSPIT4224"	"PAT00641"	"M"	NA	141	112	204	0	"Low"	"1977-03-12"	233556171338
"HOSPIT4224"	"PAT00642"	"F"	83.3	167	132	288	1	"Intermediate"	"1970-03-12"	215256849034
"HOSPIT4224"	"PAT00643"	"F"	78	156	130	275	0	"Low"	"1976-03-12"	160953120137
"HOSPIT4224"	"PAT00644"	"F"	NA	182	138	243	0	"Average"	"1978-03-12"	214475978081
"HOSPIT4224"	"PAT00645"	"F"	65.6	177	120	295	0	"Intermediate"	"1973-03-12"	208052661809
"HOSPIT4224"	"PAT00646"	"M"	101.4	206	112	230	0	"Low"	"1966-03-12"	164976850577
"HOSPIT4224"	"PAT00647"	"F"	72.6	158	110	265	1	"High"	"1953-03-12"	229591449911
"HOSPIT4224"	"PAT00648"	"M"	84.7	174	128	229	0	"Low"	"1967-03-12"	158458338091
"HOSPIT4224"	"PAT00649"	"M"	89.8	184	160	228	0	"Intermediate"	"1958-03-12"	256472435921
"HOSPIT4224"	"PAT00650"	"F"	59.6	162	120	215	0	"Low"	"1987-03-12"	194134782631
"HOSPIT4224"	"PAT00651"	"M"	81	138	170	326	0	"High"	"1965-03-12"	203625987772
"HOSPIT4224"	"PAT00652"	"M"	NA	157	144	200	0	"Low"	"1974-03-12"	238992560415
"HOSPIT4224"	"PAT00653"	"M"	49.4	174	130	256	1	"Low"	"1976-03-12"	268027112266
"HOSPIT4224"	"PAT00654"	"M"	54.9	173	140	207	0	"High"	"1963-03-12"	149452548781
"HOSPIT4224"	"PAT00655"	"M"	79.7	195	160	273	0	"Low"	"1965-03-12"	210746527488
"HOSPIT4224"	"PAT00656"	"M"	47.2	159	130	180	0	"Low"	"1982-03-12"	175347503413
"HOSPIT4224"	"PAT00657"	"M"	62	176	122	222	0	"Intermediate"	"1976-03-12"	199797090086
"HOSPIT4224"	"PAT00658"	"M"	59.7	160	152	223	0	"Low"	"1984-03-12"	271913388152
"HOSPIT4224"	"PAT00659"	"F"	62.3	177	124	209	0	"Intermediate"	"1962-03-12"	222279651038
"HOSPIT4224"	"PAT00660"	"M"	46.6	164	130	233	0	"High"	"1980-03-12"	162631652707
"HOSPIT4224"	"PAT00661"	"M"	92.3	163	101	197	1	"Low"	"1978-03-12"	220620208525
"HOSPIT4224"	"PAT00662"	"M"	73.9	200	126	218	1	"Low"	"1965-03-12"	190329643566
"HOSPIT4224"	"PAT00663"	"M"	75.8	190	140	211	1	"Low"	"1966-03-12"	219056661672
"HOSPIT4224"	"PAT00664"	"M"	49.6	181	118	149	0	"Low"	"1975-03-12"	259343427218
"HOSPIT4224"	"PAT00665"	"M"	61.7	164	110	197	0	"Low"	"1980-03-12"	269788847260
"HOSPIT4224"	"PAT00666"	"M"	53.3	146	160	246	0	"Low"	"1958-03-12"	170208991688
"HOSPIT4224"	"PAT00667"	"F"	60.6	190	150	225	0	"Low"	"1959-03-12"	252312751650
"HOSPIT4224"	"PAT00668"	"M"	75.1	197	136	315	0	"Low"	"1982-03-12"	243602341859
"HOSPIT4224"	"PAT00669"	"M"	92.4	175	128	205	1	"Low"	"1972-03-12"	219089669687
"HOSPIT4224"	"PAT00670"	"F"	55.4	153	140	417	1	"Low"	"1959-03-12"	147247964788
"HOSPIT4224"	"PAT00671"	"F"	73.9	176	140	195	0	"Low"	"1961-03-12"	174600817974
"HOSPIT4224"	"PAT00672"	"F"	85.1	206	130	234	0	"Low"	"1979-03-12"	252003414434
"HOSPIT4224"	"PAT00673"	"F"	77.9	146	105	198	0	"Low"	"1983-03-12"	189213502281
"HOSPIT4224"	"PAT00674"	"M"	46.1	159	138	166	0	"Low"	"1963-03-12"	200393815669
"HOSPIT4224"	"PAT00675"	"F"	67.3	174	120	178	1	"Low"	"1964-03-12"	152450409632
"HOSPIT4224"	"PAT00676"	"F"	69.4	176	174	249	0	"Low"	"1965-03-12"	163817217144
"HOSPIT4224"	"PAT00677"	"M"	61.7	185	120	281	0	"Low"	"1962-03-12"	167502168919
"HOSPIT4224"	"PAT00678"	"M"	48.5	179	150	126	1	"High"	"1967-03-12"	222551454756
"HOSPIT4224"	"PAT00679"	"F"	70.2	189	130	305	0	"High"	"1973-03-12"	195037642742
"HOSPIT4224"	"PAT00680"	"M"	94.6	154	120	226	0	"Low"	"1980-03-12"	172778969391
"HOSPIT4224"	"PAT00681"	"F"	57.2	201	150	240	0	"Low"	"1964-03-12"	239813764792
"HOSPIT4224"	"PAT00682"	"M"	55.1	175	145	233	1	"Low"	"1961-03-12"	163160425566
"HOSPIT4224"	"PAT00683"	"M"	76.9	165	150	276	0	"Low"	"1967-03-12"	163434723756
"HOSPIT4224"	"PAT00684"	"M"	NA	153	140	261	0	"Low"	"1973-03-12"	238203445972
"HOSPIT4224"	"PAT00685"	"F"	76.6	164	136	319	1	"Low"	"1966-03-12"	181672383875
"HOSPIT4224"	"PAT00686"	"F"	59.2	168	118	242	0	"Intermediate"	"1980-03-12"	235857545124
"HOSPIT4224"	"PAT00687"	"M"	75.4	178	108	243	0	"Low"	"1977-03-12"	246617562722
"HOSPIT4224"	"PAT00688"	"M"	58	166	120	260	0	"Low"	"1963-03-12"	265176977319
"HOSPIT4224"	"PAT00689"	"F"	70.3	180	120	354	0	"Low"	"1967-03-12"	149635232228
"HOSPIT4224"	"PAT00690"	"M"	NA	169	156	245	0	"Low"	"1954-03-12"	270720807004
"HOSPIT4224"	"PAT00691"	"F"	83.1	175	140	197	0	"Low"	"1948-03-12"	146704674777
"HOSPIT4224"	"PAT00692"	"F"	86.6	170	106	223	0	"High"	"1957-03-12"	151178492392
"HOSPIT4224"	"PAT00693"	"M"	53.8	159	142	309	0	"Low"	"1979-03-12"	252728904252
"HOSPIT4224"	"PAT00694"	"M"	100	177	104	208	0	"Low"	"1979-03-12"	188237650076
"HOSPIT4224"	"PAT00695"	"F"	94.8	165	94	199	0	"Low"	"1985-03-12"	163874898358
"HOSPIT4224"	"PAT00696"	"F"	101	172	120	209	0	"Intermediate"	"1982-03-12"	204553712368
"HOSPIT4224"	"PAT00697"	"M"	96.8	173	120	236	0	"Low"	"1968-03-12"	210394841912
"HOSPIT4224"	"PAT00698"	"M"	60.2	178	146	218	0	"Low"	"1966-03-12"	269116539455
"HOSPIT4224"	"PAT00699"	"M"	58	152	120	198	0	"Low"	"1989-03-12"	176830071842
"HOSPIT4224"	"PAT00700"	"M"	95.8	133	150	270	0	"Low"	"1966-03-12"	222412916062
"HOSPIT4224"	"PAT00701"	"M"	61.1	172	130	214	0	"Low"	"1983-03-12"	257056456068
"HOSPIT4224"	"PAT00702"	"M"	88.6	156	110	201	0	"Low"	"1967-03-12"	152616316970
"HOSPIT4224"	"PAT00703"	"M"	83.2	166	148	244	0	"Low"	"1982-03-12"	189984578515
"HOSPIT4224"	"PAT00704"	"M"	87.7	166	128	208	1	"Low"	"1962-03-12"	248787823834
"HOSPIT4224"	"PAT00705"	"M"	73.8	NA	178	270	0	"Low"	"1965-03-12"	245463462516
"HOSPIT4224"	"PAT00706"	"F"	91.2	156	126	306	0	"High"	"1983-03-12"	178685007966
"HOSPIT4224"	"PAT00707"	"M"	78	159	150	243	0	"Low"	"1974-03-12"	234383824232
"HOSPIT4224"	"PAT00708"	"M"	99.7	178	140	221	0	"Low"	"1965-03-12"	265301816823
"HOSPIT4224"	"PAT00709"	"F"	64	180	130	330	0	"High"	"1963-03-12"	168741939506
"HOSPIT4224"	"PAT00710"	"M"	67.1	192	124	266	0	"High"	"1970-03-12"	148604102966
"HOSPIT4224"	"PAT00711"	"M"	97.5	201	110	206	0	"Low"	"1970-03-12"	230156348690
"HOSPIT4224"	"PAT00712"	"M"	92	165	125	212	0	"Low"	"1972-03-12"	151113384003
"HOSPIT4224"	"PAT00713"	"M"	61.8	189	110	275	0	"Low"	"1977-03-12"	219437472437
"HOSPIT4224"	"PAT00714"	"M"	NA	187	120	302	0	"Low"	"1958-03-12"	201400080468
"HOSPIT4224"	"PAT00715"	"M"	94.3	183	100	234	0	"Low"	"1966-03-12"	223079582321
"HOSPIT4224"	"PAT00716"	"F"	100.1	180	140	313	0	"Low"	"1960-03-12"	211084969538
"HOSPIT4224"	"PAT00717"	"F"	99.8	159	120	244	0	"High"	"1974-03-12"	219694756738
"HOSPIT4224"	"PAT00718"	"F"	94.2	169	108	141	0	"Intermediate"	"1980-03-12"	176779781743
"HOSPIT4224"	"PAT00719"	"M"	65	170	120	237	0	"Low"	"1957-03-12"	174231213012
"HOSPIT4224"	"PAT00720"	"F"	58.8	184	130	269	0	"Intermediate"	"1975-03-12"	235954362389
"HOSPIT4224"	"PAT00721"	"M"	75	185	165	289	1	"Low"	"1967-03-12"	254087029915
"HOSPIT4224"	"PAT00722"	"M"	82.1	164	130	254	0	"Intermediate"	"1961-03-12"	218235196207
"HOSPIT4224"	"PAT00723"	"M"	NA	NA	124	274	0	"Intermediate"	"1976-03-12"	241745610758
"HOSPIT4224"	"PAT00724"	"M"	71.4	162	100	222	0	"Low"	"1973-03-12"	211653974486
"HOSPIT4224"	"PAT00725"	"F"	76.3	186	150	258	0	"Low"	"1964-03-12"	256084246162
"HOSPIT4224"	"PAT00726"	"M"	77.7	172	140	177	0	"Low"	"1965-03-12"	167502152536
"HOSPIT4224"	"PAT00727"	"F"	59.4	158	112	160	0	"Intermediate"	"1979-03-12"	203648872065
"HOSPIT4224"	"PAT00728"	"F"	50.1	161	180	327	0	"Low"	"1969-03-12"	263679647562
"HOSPIT4224"	"PAT00729"	"M"	69.5	166	110	235	0	"Low"	"1983-03-12"	190805710438
"HOSPIT4224"	"PAT00730"	"F"	60	171	158	305	0	"Low"	"1964-03-12"	164935629979
"HOSPIT4224"	"PAT00731"	"F"	54.1	184	135	304	1	"Low"	"1970-03-12"	232575580247
"HOSPIT4224"	"PAT00732"	"M"	72.9	124	120	295	0	"Intermediate"	"1982-03-12"	242973827801
"HOSPIT4224"	"PAT00733"	"F"	97.3	178	134	271	0	"Low"	"1975-03-12"	249378247529
"HOSPIT4224"	"PAT00734"	"M"	97.4	177	120	249	0	"Low"	"1978-03-12"	154765487409
"HOSPIT4224"	"PAT00735"	"F"	59.8	199	200	288	1	"Low"	"1968-03-12"	160846459159
"HOSPIT4224"	"PAT00736"	"F"	80.5	197	150	226	0	"Low"	"1958-03-12"	173169990794
"HOSPIT4224"	"PAT00737"	"M"	65.1	186	130	283	1	"Low"	"1968-03-12"	180857597766
"HOSPIT4224"	"PAT00738"	"M"	74.6	155	120	188	0	"Low"	"1975-03-12"	173646360843
"HOSPIT4224"	"PAT00739"	"M"	92	197	122	286	0	"Low"	"1970-03-12"	166149836051
"HOSPIT4224"	"PAT00740"	"M"	101.8	155	152	274	0	"Low"	"1967-03-12"	151137412007
"HOSPIT4224"	"PAT00741"	"F"	48.6	190	160	360	0	"Low"	"1959-03-12"	203779218494
"HOSPIT4224"	"PAT00742"	"M"	77	170	125	273	0	"Intermediate"	"1970-03-12"	271933270399
"HOSPIT4224"	"PAT00743"	"F"	101.3	168	160	201	0	"Low"	"1970-03-12"	176433641101
"HOSPIT4224"	"PAT00744"	"M"	63.3	184	120	267	0	"Low"	"1962-03-12"	274297214789
"HOSPIT4224"	"PAT00745"	"F"	58.2	190	136	196	0	"Intermediate"	"1972-03-12"	251510429760
"HOSPIT4224"	"PAT00746"	"M"	99.9	191	134	201	0	"High"	"1972-03-12"	261327917135
"HOSPIT4224"	"PAT00747"	"M"	50.8	160	117	230	1	"Low"	"1964-03-12"	155483457220
"HOSPIT4224"	"PAT00748"	"F"	66.9	184	108	269	0	"Low"	"1961-03-12"	186794984715
"HOSPIT4224"	"PAT00749"	"M"	67.6	173	112	212	0	"High"	"1958-03-12"	171144268523
"HOSPIT4224"	"PAT00750"	"M"	79.2	179	140	226	0	"Low"	"1982-03-12"	263237396890
"HOSPIT4224"	"PAT00751"	"M"	91.4	177	120	246	0	"Low"	"1960-03-12"	197197886833
"HOSPIT4224"	"PAT00752"	"M"	63.9	181	150	232	0	"Low"	"1970-03-12"	229139916609
"HOSPIT4224"	"PAT00753"	"F"	64.6	162	142	177	0	"Intermediate"	"1978-03-12"	256837489754
"HOSPIT4224"	"PAT00754"	"F"	58.8	193	152	277	0	"Low"	"1957-03-12"	270841785922
"HOSPIT4224"	"PAT00755"	"M"	61.5	200	125	249	1	"Low"	"1968-03-12"	239038158748
"HOSPIT4224"	"PAT00756"	"F"	76.8	195	118	210	0	"Low"	"1990-03-12"	214603195236
"HOSPIT4224"	"PAT00757"	"M"	65.3	174	132	207	0	"High"	"1967-03-12"	262743402881
"HOSPIT4224"	"PAT00758"	"M"	101.5	172	145	212	0	"Low"	"1960-03-12"	250987950473
"HOSPIT4224"	"PAT00759"	"M"	81.4	162	138	271	0	"Low"	"1965-03-12"	259893827760
"HOSPIT4224"	"PAT00760"	"M"	64.4	165	140	233	0	"Low"	"1974-03-12"	161397094973
"HOSPIT4224"	"PAT00761"	"M"	84.5	NA	125	213	0	"Low"	"1973-03-12"	270720587845
"HOSPIT4224"	"PAT00762"	"M"	75.4	147	192	283	0	"Intermediate"	"1970-03-12"	249092088711
"HOSPIT4224"	"PAT00763"	"M"	101.6	173	123	282	0	"Intermediate"	"1971-03-12"	198354871693
"HOSPIT4224"	"PAT00764"	"M"	100.8	161	112	230	0	"Low"	"1972-03-12"	201156416315
"HOSPIT4224"	"PAT00765"	"M"	95	183	110	167	0	"Intermediate"	"1984-03-12"	162415900046
"HOSPIT4224"	"PAT00766"	"M"	56.5	197	132	224	0	"Low"	"1966-03-12"	246284041797
"HOSPIT4224"	"PAT00767"	"F"	85.1	177	112	268	0	"Low"	"1983-03-12"	206060473119
"HOSPIT4224"	"PAT00768"	"M"	54.3	154	112	250	0	"Low"	"1983-03-12"	220235173048
"HOSPIT4224"	"PAT00769"	"F"	61.7	174	120	219	0	"Low"	"1974-03-12"	205475270160
"HOSPIT4224"	"PAT00770"	"F"	79.9	191	108	267	0	"Intermediate"	"1970-03-12"	229291206103
"HOSPIT4224"	"PAT00771"	"F"	61.3	168	130	303	0	"Low"	"1960-03-12"	158995236304
"HOSPIT4224"	"PAT00772"	"F"	48.9	163	130	256	0	"Low"	"1973-03-12"	159395021219
"HOSPIT4224"	"PAT00773"	"F"	94.6	147	105	204	0	"Low"	"1978-03-12"	165383904400
"HOSPIT4224"	"PAT00774"	"M"	NA	168	140	217	0	"High"	"1969-03-12"	161681100267
"HOSPIT4224"	"PAT00775"	"M"	67.9	178	128	308	0	"Intermediate"	"1979-03-12"	236809377596
"HOSPIT4224"	"PAT00776"	"M"	78.2	170	120	193	0	"Low"	"1968-03-12"	156973143815
"HOSPIT4224"	"PAT00777"	"F"	55.2	201	178	228	1	"High"	"1958-03-12"	228420281562
"HOSPIT4224"	"PAT00778"	"M"	98.1	175	120	231	0	"Low"	"1986-03-12"	147110733030
"HOSPIT4224"	"PAT00779"	"F"	68.8	165	150	244	0	"Low"	"1962-03-12"	190100241727
"HOSPIT4224"	"PAT00780"	"M"	78.5	137	130	262	0	"Low"	"1969-03-12"	254341758419
"HOSPIT4224"	"PAT00781"	"M"	66.8	184	128	259	0	"High"	"1966-03-12"	229435154122
"HOSPIT4224"	"PAT00782"	"M"	75.2	185	110	211	0	"Low"	"1981-03-12"	249325965159
"HOSPIT4224"	"PAT00783"	"F"	58.4	182	180	325	0	"Low"	"1960-03-12"	269138648877
"HOSPIT4224"	"PAT00784"	"F"	46.6	175	110	254	0	"High"	"1974-03-12"	218443767683
"HOSPIT4224"	"PAT00785"	"M"	93.9	187	130	197	1	"Intermediate"	"1971-03-12"	220631814261
"HOSPIT4224"	"PAT00786"	"F"	80	163	138	236	0	"Intermediate"	"1979-03-12"	258622006997
"HOSPIT4224"	"PAT00787"	"M"	48.3	177	138	282	1	"Low"	"1959-03-12"	149427148552
"HOSPIT4224"	"PAT00788"	"M"	90.6	185	160	234	1	"Low"	"1955-03-12"	185691711689
"HOSPIT4224"	"PAT00789"	"M"	49.3	196	140	254	0	"High"	"1955-03-12"	187287392300
"HOSPIT4224"	"PAT00790"	"M"	74.6	NA	100	299	0	"High"	"1957-03-12"	260690244261
"HOSPIT4224"	"PAT00791"	"F"	84.9	184	120	211	0	"Low"	"1956-03-12"	217373016540
"HOSPIT4224"	"PAT00792"	"M"	48	163	118	182	0	"Low"	"1990-03-12"	238094284306
"HOSPIT4224"	"PAT00793"	"F"	98.7	175	138	294	1	"Low"	"1962-03-12"	181990144055
"HOSPIT4224"	"PAT00794"	"M"	75.4	166	140	298	0	"Intermediate"	"1973-03-12"	205632797643
"HOSPIT4224"	"PAT00795"	"M"	49	181	150	231	0	"Low"	"1978-03-12"	149446408987
"HOSPIT4224"	"PAT00796"	"M"	48	157	125	254	1	"Low"	"1957-03-12"	148321267440
"HOSPIT4224"	"PAT00797"	"M"	94.3	190	129	196	0	"Low"	"1974-03-12"	158284137634
"HOSPIT4224"	"PAT00798"	"M"	101.6	160	120	240	1	"Intermediate"	"1982-03-12"	220565807326
"HOSPIT4224"	"PAT00799"	"F"	97.9	158	134	409	0	"Low"	"1968-03-12"	167166497601
"HOSPIT4224"	"PAT00800"	"M"	64.2	194	110	172	0	"Low"	"1983-03-12"	215492995635
"HOSPIT4224"	"PAT00801"	"F"	60.4	162	102	265	0	"Low"	"1982-03-12"	157775621419
"HOSPIT4224"	"PAT00802"	"M"	NA	183	130	246	1	"Low"	"1971-03-12"	234973545710
"HOSPIT4224"	"PAT00803"	"M"	86.6	NA	130	315	0	"Low"	"1981-03-12"	263500698991
"HOSPIT4224"	"PAT00804"	"M"	61.8	150	132	184	0	"Intermediate"	"1968-03-12"	179625408770
"HOSPIT4224"	"PAT00805"	"M"	64.8	195	108	233	1	"Low"	"1972-03-12"	249151705004
"HOSPIT4224"	"PAT00806"	"F"	NA	173	140	394	0	"Low"	"1962-03-12"	231287479880
"HOSPIT4224"	"PAT00807"	"M"	66.6	187	160	269	0	"Intermediate"	"1954-03-12"	227661235287
"HOSPIT4224"	"PAT00808"	"M"	59.3	NA	140	239	0	"Low"	"1970-03-12"	246240246720
"HOSPIT4224"	"PAT00809"	"M"	81.9	161	145	174	0	"Low"	"1954-03-12"	263650396209
"HOSPIT4224"	"PAT00810"	"M"	48.5	205	108	309	0	"High"	"1970-03-12"	210005914208
"HOSPIT4224"	"PAT00811"	"M"	49.8	164	126	282	0	"Intermediate"	"1989-03-12"	190274470654
"HOSPIT4224"	"PAT00812"	"M"	100.3	164	124	255	1	"Intermediate"	"1976-03-12"	263732940294
"HOSPIT4224"	"PAT00813"	"F"	48.2	181	135	250	0	"Low"	"1969-03-12"	234802045776
"HOSPIT4224"	"PAT00814"	"F"	64.8	151	100	248	0	"Intermediate"	"1966-03-12"	147755861168
"HOSPIT4224"	"PAT00815"	"F"	71.5	NA	110	214	0	"Intermediate"	"1970-03-12"	229044326973
"HOSPIT4224"	"PAT00816"	"F"	89.2	185	140	239	0	"Intermediate"	"1955-03-12"	216930265543
"HOSPIT4224"	"PAT00817"	"M"	81.4	232	125	304	0	"Low"	"1947-03-12"	273862312217
"HOSPIT4224"	"PAT00818"	"M"	81.7	183	118	277	0	"High"	"1956-03-12"	187294581770
"HOSPIT4224"	"PAT00819"	"M"	90.2	176	125	300	0	"Low"	"1966-03-12"	239090390593
"HOSPIT4224"	"PAT00820"	"M"	72	158	125	258	0	"Low"	"1964-03-12"	191347305242
"HOSPIT4224"	"PAT00821"	"M"	89.3	172	140	299	0	"Intermediate"	"1973-03-12"	251954847851
"HOSPIT4224"	"PAT00822"	"M"	75.4	150	160	289	0	"Intermediate"	"1969-03-12"	244445070801
"HOSPIT4224"	"PAT00823"	"M"	NA	167	152	298	1	"Low"	"1972-03-12"	161231528790
"HOSPIT4224"	"PAT00824"	"F"	NA	137	102	318	0	"Low"	"1964-03-12"	232242538792
"HOSPIT4224"	"PAT00825"	"M"	59	168	105	240	0	"Low"	"1966-03-12"	194505643501
"HOSPIT4224"	"PAT00826"	"M"	83.7	212	125	309	0	"Intermediate"	"1960-03-12"	201785918624
"HOSPIT4224"	"PAT00827"	"M"	52.8	180	130	250	0	"Low"	"1987-03-12"	150287805187
"HOSPIT4224"	"PAT00828"	"M"	76	180	170	288	0	"Low"	"1965-03-12"	208018393007
"HOSPIT4224"	"PAT00829"	"M"	80.3	189	125	245	1	"Intermediate"	"1973-03-12"	168817500550
"HOSPIT4224"	"PAT00830"	"F"	62.3	181	122	213	0	"Low"	"1981-03-12"	239869176345
"HOSPIT4224"	"PAT00831"	"M"	93.7	208	128	216	0	"Low"	"1966-03-12"	198301784443
"HOSPIT4224"	"PAT00832"	"M"	53.6	204	130	204	0	"Intermediate"	"1995-03-12"	262249139924
"HOSPIT4224"	"PAT00833"	"F"	49.4	NA	130	204	0	"Low"	"1983-03-12"	193015482497
"HOSPIT4224"	"PAT00834"	"F"	76	162	135	252	0	"Intermediate"	"1961-03-12"	248485381932
"HOSPIT4224"	"PAT00835"	"M"	67.7	168	94	227	0	"Intermediate"	"1973-03-12"	194308741632
"HOSPIT4224"	"PAT00836"	"M"	84.2	165	120	258	0	"Intermediate"	"1970-03-12"	153684511182
"HOSPIT4224"	"PAT00837"	"M"	71.9	171	120	220	0	"Low"	"1980-03-12"	256670539354
"HOSPIT4224"	"PAT00838"	"M"	54.4	173	110	239	0	"High"	"1970-03-12"	218220787449
"HOSPIT4224"	"PAT00839"	"M"	92.2	161	135	254	0	"Low"	"1959-03-12"	244532034568
"HOSPIT4224"	"PAT00840"	"M"	81.1	170	150	168	0	"Average"	"1967-03-12"	166329783110
"HOSPIT4224"	"PAT00841"	"M"	90.9	194	130	330	1	"Intermediate"	"1961-03-12"	257841390368
"HOSPIT4224"	"PAT00842"	"F"	69.9	147	138	183	0	"Low"	"1989-03-12"	187741161342
"HOSPIT4224"	"PAT00843"	"M"	83	166	135	203	0	"Low"	"1983-03-12"	160486409889
"HOSPIT4224"	"PAT00844"	"F"	67.8	186	130	263	0	"Low"	"1962-03-12"	152698211301
"HOSPIT4224"	"PAT00845"	"F"	61.3	177	132	341	1	"Low"	"1981-03-12"	216779802740
"HOSPIT4224"	"PAT00846"	"F"	86.7	149	150	283	1	"Low"	"1966-03-12"	246546350289
"HOSPIT4224"	"PAT00847"	"M"	83.8	192	118	186	0	"Intermediate"	"1972-03-12"	162981363828
"HOSPIT4224"	"PAT00848"	"F"	98.6	171	145	307	0	"Low"	"1963-03-12"	155037911262
"HOSPIT4224"	"PAT00849"	"M"	95.5	159	118	219	0	"Low"	"1985-03-12"	253044437231
"HOSPIT4224"	"PAT00850"	"M"	69.3	167	115	260	0	"Low"	"1979-03-12"	193741410783
"HOSPIT4224"	"PAT00851"	"M"	NA	184	128	255	0	"Low"	"1972-03-12"	164686712970
"HOSPIT4224"	"PAT00852"	"M"	84.3	184	130	231	0	"Low"	"1962-03-12"	190227625739
"HOSPIT4224"	"PAT00853"	"F"	98	147	160	164	0	"Low"	"1962-03-12"	246147657257
"HOSPIT4224"	"PAT00854"	"F"	62.8	157	138	234	0	"Low"	"1971-03-12"	270437995041
"HOSPIT4224"	"PAT00855"	"M"	92	144	120	177	0	"Low"	"1981-03-12"	262686244456
"HOSPIT4224"	"PAT00856"	"M"	75.6	192	138	257	0	"Low"	"1977-03-12"	167650837878
"HOSPIT4224"	"PAT00857"	"M"	NA	195	120	325	0	"High"	"1972-03-12"	210560019054
"HOSPIT4224"	"PAT00858"	"M"	65.3	143	180	274	1	"High"	"1956-03-12"	166578992696
"HOSPIT4224"	"PAT00859"	"M"	75.6	151	140	321	0	"Low"	"1985-03-12"	210172384008
"HOSPIT4224"	"PAT00860"	"F"	85.1	NA	130	264	0	"Low"	"1971-03-12"	200954732227
"HOSPIT4224"	"PAT00861"	"F"	86.2	168	140	268	0	"Intermediate"	"1962-03-12"	252596034782
"HOSPIT4224"	"PAT00862"	"F"	82.2	204	140	308	0	"Low"	"1973-03-12"	187596207479
"HOSPIT4224"	"PAT00863"	"M"	55.4	184	130	253	0	"Low"	"1964-03-12"	241259644320
"HOSPIT4224"	"PAT00864"	"M"	53.9	152	110	248	0	"High"	"1959-03-12"	175585297745
"HOSPIT4224"	"PAT00865"	"F"	47.6	191	155	269	0	"Low"	"1959-03-12"	187748360970
"HOSPIT4224"	"PAT00866"	"M"	79.9	190	140	185	0	"Low"	"1964-03-12"	221995308129
"HOSPIT4224"	"PAT00867"	"M"	62.1	176	145	282	0	"Low"	"1964-03-12"	204988846603
"HOSPIT4224"	"PAT00868"	"M"	62.9	170	120	188	0	"Low"	"1970-03-12"	233460113370
"HOSPIT4224"	"PAT00869"	"M"	90.4	167	130	219	0	"Low"	"1980-03-12"	226762229927
"HOSPIT4224"	"PAT00870"	"M"	98.8	180	112	290	0	"Low"	"1980-03-12"	155513021624
"HOSPIT4224"	"PAT00871"	"M"	89.3	173	110	175	0	"Low"	"1973-03-12"	270220661301
"HOSPIT4224"	"PAT00872"	"M"	74.6	143	150	212	1	"High"	"1965-03-12"	234950009560
"HOSPIT4224"	"PAT00873"	"F"	82.8	174	160	302	0	"Intermediate"	"1953-03-12"	273985996290
"HOSPIT4224"	"PAT00874"	"M"	46.1	174	150	243	1	"Low"	"1963-03-12"	258797964810
"HOSPIT4224"	"PAT00875"	"M"	81.7	162	132	353	0	"High"	"1969-03-12"	273190658423
"HOSPIT4224"	"PAT00876"	"M"	54	174	140	335	0	"Low"	"1960-03-12"	255174241121
"HOSPIT4224"	"PAT00877"	"M"	85	164	150	247	0	"Low"	"1981-03-12"	232809864787
"HOSPIT4224"	"PAT00878"	"F"	96.7	152	120	340	0	"Intermediate"	"1966-03-12"	245332574683
"HOSPIT4224"	"PAT00879"	"M"	57.6	157	130	206	0	"Intermediate"	"1964-03-12"	182112848214
"HOSPIT4224"	"PAT00880"	"M"	81.7	171	120	284	0	"Low"	"1966-03-12"	195479675644
"HOSPIT4224"	"PAT00881"	"M"	95.4	182	130	266	0	"Low"	"1975-03-12"	263551585256
"HOSPIT4224"	"PAT00882"	"M"	100.3	209	110	229	0	"High"	"1976-03-12"	224778833822
"HOSPIT4224"	"PAT00883"	"M"	63.1	155	172	199	1	"Low"	"1972-03-12"	245688434814
"HOSPIT4224"	"PAT00884"	"M"	78.9	180	120	263	0	"Low"	"1980-03-12"	270377157543
"HOSPIT4224"	"PAT00885"	"F"	75.7	176	140	294	0	"Low"	"1968-03-12"	198125524415
"HOSPIT4224"	"PAT00886"	"M"	54	156	140	192	0	"Intermediate"	"1967-03-12"	216059590290
"HOSPIT4224"	"PAT00887"	"M"	89.9	168	160	286	0	"Low"	"1957-03-12"	267742684176
"HOSPIT4224"	"PAT00888"	"M"	65.8	179	145	233	1	"High"	"1961-03-12"	238481316353
"HOSPIT4224"	"PAT00889"	"M"	47.9	193	160	286	0	"Low"	"1957-03-12"	185282692116
"HOSPIT4224"	"PAT00890"	"M"	83.3	188	120	229	0	"Low"	"1957-03-12"	190481992462
"HOSPIT4224"	"PAT00891"	"M"	89.3	182	130	250	0	"Low"	"1987-03-12"	189023606351
"HOSPIT4224"	"PAT00892"	"F"	66.6	159	130	204	0	"Intermediate"	"1983-03-12"	227401153553
"HOSPIT4224"	"PAT00893"	"M"	65.9	193	120	236	0	"Low"	"1968-03-12"	181849883251
"HOSPIT4224"	"PAT00894"	"F"	77.9	160	140	268	0	"Low"	"1962-03-12"	189914317699
"HOSPIT4224"	"PAT00895"	"F"	92	172	120	354	0	"Intermediate"	"1967-03-12"	171797999004
"HOSPIT4224"	"PAT00896"	"M"	60.7	198	130	254	0	"Low"	"1961-03-12"	177705306593
"HOSPIT4224"	"PAT00897"	"M"	77.4	175	140	203	1	"High"	"1971-03-12"	234518671129
"HOSPIT4224"	"PAT00898"	"M"	75.7	156	140	192	0	"High"	"1967-03-12"	234227309708
"HOSPIT4224"	"PAT00899"	"F"	76.7	160	140	294	0	"High"	"1968-03-12"	270028817816
"HOSPIT4224"	"PAT00900"	"M"	49.9	189	130	256	1	"Low"	"1968-03-12"	260328999714
"HOSPIT4224"	"PAT00901"	"M"	83.1	177	120	263	0	"Intermediate"	"1980-03-12"	165482286633
"HOSPIT4224"	"PAT00902"	"M"	100.3	182	172	199	1	"Low"	"1972-03-12"	220085400912
"HOSPIT4224"	"PAT00903"	"M"	79.1	165	150	168	0	"Low"	"1967-03-12"	231278841426
"HOSPIT4224"	"PAT00904"	"M"	49	166	110	229	0	"Low"	"1976-03-12"	263791381848
"HOSPIT4224"	"PAT00905"	"M"	71.3	165	140	239	0	"High"	"1970-03-12"	185549934345
"HOSPIT4224"	"PAT00906"	"F"	75	169	130	275	0	"Low"	"1976-03-12"	177057107655
"HOSPIT4224"	"PAT00907"	"M"	97.7	156	130	266	0	"Low"	"1975-03-12"	257164424833
"HOSPIT4224"	"PAT00908"	"M"	73.8	168	110	211	0	"Low"	"1960-03-12"	152594028768
"HOSPIT4224"	"PAT00909"	"F"	52.7	174	150	283	1	"High"	"1966-03-12"	206489281789
"HOSPIT4224"	"PAT00910"	"M"	61.3	198	120	284	0	"Low"	"1966-03-12"	244145143276
"HOSPIT4224"	"PAT00911"	"M"	74.3	189	132	224	0	"Low"	"1966-03-12"	185494039560
"HOSPIT4224"	"PAT00912"	"M"	84.2	149	130	206	0	"Intermediate"	"1964-03-12"	260854992108
"HOSPIT4224"	"PAT00913"	"F"	84.6	151	120	219	0	"Low"	"1974-03-12"	263146768310
"HOSPIT4224"	"PAT00914"	"F"	77.4	NA	120	340	0	"Intermediate"	"1966-03-12"	146594225469
"HOSPIT4224"	"PAT00915"	"F"	84.2	197	150	226	0	"Intermediate"	"1958-03-12"	239132216074
"HOSPIT4224"	"PAT00916"	"M"	68.5	NA	150	247	0	"Low"	"1981-03-12"	197893010678
"HOSPIT4224"	"PAT00917"	"M"	92.1	158	110	167	0	"High"	"1984-03-12"	226554393985
"HOSPIT4224"	"PAT00918"	"F"	NA	157	140	239	0	"Intermediate"	"1955-03-12"	159460531036
"HOSPIT4224"	"PAT00919"	"M"	54.1	139	117	230	1	"Low"	"1964-03-12"	171419607151
"HOSPIT4224"	"PAT00920"	"M"	96.2	184	140	335	0	"Low"	"1960-03-12"	245951198788
"HOSPIT4224"	"PAT00921"	"M"	65.3	182	135	234	0	"Low"	"1965-03-12"	164107724055
"HOSPIT4224"	"PAT00922"	"M"	96.6	198	130	233	0	"Low"	"1980-03-12"	146959683785
"HOSPIT4224"	"PAT00923"	"M"	89.5	NA	140	226	0	"Low"	"1982-03-12"	247022258743
"HOSPIT4224"	"PAT00924"	"M"	69.8	173	120	177	0	"Low"	"1981-03-12"	238930470116
"HOSPIT4224"	"PAT00925"	"M"	96.6	155	150	276	0	"Low"	"1967-03-12"	159209026333
"HOSPIT4224"	"PAT00926"	"M"	65.4	194	132	353	0	"Low"	"1969-03-12"	172653906817
"HOSPIT4224"	"PAT00927"	"M"	100.1	170	150	243	1	"Intermediate"	"1963-03-12"	191758489757
"HOSPIT4224"	"PAT00928"	"F"	69	151	150	225	0	"Low"	"1959-03-12"	202568666406
"HOSPIT4224"	"PAT00929"	"M"	70.7	170	140	199	0	"High"	"1984-03-12"	202446583050
"HOSPIT4224"	"PAT00930"	"F"	48.5	169	160	302	0	"Intermediate"	"1953-03-12"	258920850821
"HOSPIT4224"	"PAT00931"	"M"	59.2	206	150	212	1	"High"	"1965-03-12"	202241541427
"HOSPIT4224"	"PAT00932"	"F"	52	169	130	330	0	"Low"	"1963-03-12"	247846886566
"HOSPIT4224"	"PAT00933"	"M"	94.2	182	112	230	0	"Intermediate"	"1966-03-12"	218221293112
"HOSPIT4224"	"PAT00934"	"M"	58.3	NA	110	175	0	"Low"	"1973-03-12"	196608709297
"HOSPIT4224"	"PAT00935"	"M"	87.8	150	150	243	0	"Low"	"1974-03-12"	257941536586
"HOSPIT4224"	"PAT00936"	"F"	99	189	140	417	1	"Intermediate"	"1959-03-12"	171996639537
"HOSPIT4224"	"PAT00937"	"M"	47.5	182	130	197	1	"Low"	"1971-03-12"	196270680379
"HOSPIT4224"	"PAT00938"	"F"	69.6	174	105	198	0	"Low"	"1983-03-12"	238216356510
"HOSPIT4224"	"PAT00939"	"M"	81.4	170	120	177	0	"Low"	"1959-03-12"	178213404743
"HOSPIT4224"	"PAT00940"	"M"	75	165	112	290	0	"Low"	"1980-03-12"	250842858772
"HOSPIT4224"	"PAT00941"	"M"	88.5	164	130	219	0	"High"	"1980-03-12"	163429612359
"HOSPIT4224"	"PAT00942"	"M"	78.4	187	130	253	0	"Low"	"1964-03-12"	168010971862
"HOSPIT4224"	"PAT00943"	"M"	66.5	160	124	266	0	"Low"	"1970-03-12"	257095395710
"HOSPIT4224"	"PAT00944"	"M"	71.5	150	140	233	0	"Intermediate"	"1974-03-12"	156456960572
"HOSPIT4224"	"PAT00945"	"M"	84.5	213	110	172	0	"Low"	"1983-03-12"	203921415554
"HOSPIT4224"	"PAT00946"	"M"	94.2	199	125	273	0	"Low"	"1970-03-12"	254326787641
"HOSPIT4224"	"PAT00947"	"M"	94.7	NA	125	213	0	"Low"	"1973-03-12"	147312445248
"HOSPIT4224"	"PAT00948"	"F"	67.9	178	130	305	0	"Low"	"1973-03-12"	274494944321
"HOSPIT4224"	"PAT00949"	"F"	60.1	175	142	177	0	"Low"	"1978-03-12"	207369897507
"HOSPIT4224"	"PAT00950"	"M"	71.5	155	128	216	0	"Low"	"1966-03-12"	236255437733
"HOSPIT4224"	"PAT00951"	"F"	72	187	135	304	1	"High"	"1970-03-12"	246828916929
"HOSPIT4224"	"PAT00952"	"M"	49.6	171	120	188	0	"Low"	"1970-03-12"	259938393179
"HOSPIT4224"	"PAT00953"	"M"	NA	188	145	282	0	"Low"	"1964-03-12"	216862512541
"HOSPIT4224"	"PAT00954"	"M"	76.5	175	140	185	0	"Low"	"1964-03-12"	195024159824
"HOSPIT4224"	"PAT00955"	"M"	94.7	155	150	232	0	"Low"	"1970-03-12"	154231083506
"HOSPIT4224"	"PAT00956"	"M"	100.3	166	170	326	0	"Low"	"1965-03-12"	261004731053
"HOSPIT4224"	"PAT00957"	"M"	52.7	181	150	231	0	"Intermediate"	"1978-03-12"	218209214534
"HOSPIT4224"	"PAT00958"	"F"	58.2	172	155	269	0	"Low"	"1959-03-12"	206933234560
"HOSPIT4224"	"PAT00959"	"M"	90.7	151	125	254	1	"Low"	"1957-03-12"	147844722879
"HOSPIT4224"	"PAT00960"	"M"	90	193	120	267	0	"Low"	"1962-03-12"	272528114787
"HOSPIT4224"	"PAT00961"	"M"	68.9	186	110	248	0	"Low"	"1959-03-12"	215488911053
"HOSPIT4224"	"PAT00962"	"M"	98.3	180	110	197	0	"Low"	"1980-03-12"	173028082822
"HOSPIT4224"	"PAT00963"	"F"	96.5	151	160	360	0	"Intermediate"	"1959-03-12"	168698251907
"HOSPIT4224"	"PAT00964"	"M"	95.1	203	125	258	0	"Intermediate"	"1964-03-12"	272585204644
"HOSPIT4224"	"PAT00965"	"F"	98.4	149	140	308	0	"Low"	"1973-03-12"	220504215770
"HOSPIT4224"	"PAT00966"	"M"	71.1	166	130	245	0	"Low"	"1976-03-12"	195693805736
"HOSPIT4224"	"PAT00967"	"M"	NA	169	150	270	0	"Low"	"1966-03-12"	216906819683
"HOSPIT4224"	"PAT00968"	"M"	64.8	182	104	208	0	"Low"	"1979-03-12"	165914001917
"HOSPIT4224"	"PAT00969"	"F"	89.6	181	130	264	0	"Low"	"1971-03-12"	188841952439
"HOSPIT4224"	"PAT00970"	"M"	57.4	165	140	321	0	"Low"	"1985-03-12"	251753569583
"HOSPIT4224"	"PAT00971"	"M"	83.9	176	180	274	1	"Low"	"1956-03-12"	216173778512
"HOSPIT4224"	"PAT00972"	"M"	61.6	185	120	325	0	"Low"	"1972-03-12"	253913222209
"HOSPIT4224"	"PAT00973"	"M"	84.7	182	140	235	0	"Intermediate"	"1980-03-12"	188122389302
"HOSPIT4224"	"PAT00974"	"M"	93.9	149	138	257	0	"Low"	"1977-03-12"	255202959828
"HOSPIT4224"	"PAT00975"	"F"	48.5	163	128	216	0	"Low"	"1971-03-12"	220339397166
"HOSPIT4224"	"PAT00976"	"F"	47.7	154	138	234	0	"Low"	"1971-03-12"	167597578797
"HOSPIT4224"	"PAT00977"	"F"	80.8	156	130	256	0	"Low"	"1973-03-12"	214846081503
"HOSPIT4224"	"PAT00978"	"M"	54.1	192	120	302	0	"Low"	"1958-03-12"	165224144128
"HOSPIT4224"	"PAT00979"	"F"	79.5	148	160	164	0	"Low"	"1962-03-12"	205313308972
"HOSPIT4224"	"PAT00980"	"M"	NA	156	130	231	0	"Low"	"1962-03-12"	261197886851
"HOSPIT4224"	"PAT00981"	"F"	85.3	194	108	141	0	"High"	"1980-03-12"	150286350894
"HOSPIT4224"	"PAT00982"	"F"	80	175	135	252	0	"Intermediate"	"1961-03-12"	268115176301
"HOSPIT4224"	"PAT00983"	"M"	94.5	193	128	255	0	"Intermediate"	"1972-03-12"	213368226393
"HOSPIT4224"	"PAT00984"	"M"	87.1	182	110	239	0	"Intermediate"	"1965-03-12"	147335794235
"HOSPIT4224"	"PAT00985"	"F"	70.9	161	150	258	0	"Low"	"1964-03-12"	244600857472
"HOSPIT4224"	"PAT00986"	"M"	75.2	211	134	201	0	"Intermediate"	"1972-03-12"	157596021552
"HOSPIT4224"	"PAT00987"	"M"	72.4	188	122	222	0	"Low"	"1976-03-12"	225835917063
"HOSPIT4224"	"PAT00988"	"M"	81.9	179	115	260	0	"Low"	"1979-03-12"	232863064273
"HOSPIT4224"	"PAT00989"	"M"	92.9	176	118	182	0	"Intermediate"	"1990-03-12"	263416871950
"HOSPIT4224"	"PAT00990"	"F"	61	165	128	303	0	"Low"	"1967-03-12"	233609028647
"HOSPIT4224"	"PAT00991"	"F"	56.6	183	110	265	1	"High"	"1953-03-12"	176217380208
"HOSPIT4224"	"PAT00992"	"M"	57	173	120	188	0	"Intermediate"	"1975-03-12"	204056694802
"HOSPIT4224"	"PAT00993"	"M"	61.4	172	108	309	0	"Intermediate"	"1970-03-12"	211883472123
"HOSPIT4224"	"PAT00994"	"M"	97.5	188	140	177	0	"Low"	"1965-03-12"	206869400098
"HOSPIT4224"	"PAT00995"	"M"	69.1	152	128	229	0	"Low"	"1967-03-12"	158505229945
"HOSPIT4224"	"PAT00996"	"M"	68.4	154	120	260	0	"Intermediate"	"1963-03-12"	209375384314
"HOSPIT4224"	"PAT00997"	"M"	68.8	155	118	219	0	"Low"	"1985-03-12"	208084340192
"HOSPIT4224"	"PAT00998"	"F"	92.9	183	145	307	0	"Low"	"1963-03-12"	167917563625
"HOSPIT4224"	"PAT00999"	"M"	71.1	179	125	249	1	"Intermediate"	"1968-03-12"	210360390098
"HOSPIT4224"	"PAT01000"	"M"	71.1	196	118	186	0	"Low"	"1972-03-12"	182963324321
"HOSPIT4224"	"PAT01001"	"F"	47.1	206	132	341	1	"Intermediate"	"1981-03-12"	186338541772
"HOSPIT4224"	"PAT01002"	"F"	92.3	167	130	263	0	"Low"	"1962-03-12"	202936322199
"HOSPIT4224"	"PAT01003"	"M"	101.4	158	135	203	0	"Low"	"1983-03-12"	225320010957
"HOSPIT4224"	"PAT01004"	"M"	64.5	191	140	211	1	"Low"	"1966-03-12"	263415626014
"HOSPIT4224"	"PAT01005"	"F"	65.7	185	138	183	0	"Low"	"1989-03-12"	201863259532
"HOSPIT4224"	"PAT01006"	"M"	82.2	151	130	330	1	"Low"	"1961-03-12"	191008514298
"HOSPIT4224"	"PAT01007"	"M"	96	186	135	254	0	"High"	"1959-03-12"	270978444887
"HOSPIT4224"	"PAT01008"	"M"	61.6	174	130	256	1	"High"	"1976-03-12"	177461842920
"HOSPIT4224"	"PAT01009"	"F"	85.6	185	150	407	0	"Low"	"1961-03-12"	154279354718
"HOSPIT4224"	"PAT01010"	"M"	83.7	176	100	222	0	"Low"	"1973-03-12"	188095701302
"HOSPIT4224"	"PAT01011"	"M"	100.9	170	140	217	0	"Low"	"1969-03-12"	241309703306
"HOSPIT4224"	"PAT01012"	"M"	54.5	203	138	282	1	"Low"	"1959-03-12"	234023232722
"HOSPIT4224"	"PAT01013"	"F"	48.1	152	130	234	0	"Low"	"1979-03-12"	166513833451
"HOSPIT4224"	"PAT01014"	"F"	85	178	200	288	1	"Low"	"1968-03-12"	237638656660
"HOSPIT4224"	"PAT01015"	"M"	78.8	180	110	239	0	"Low"	"1970-03-12"	271267125253
"HOSPIT4224"	"PAT01016"	"M"	65.9	NA	120	220	0	"Low"	"1980-03-12"	199837102857
"HOSPIT4224"	"PAT01017"	"F"	81.4	181	124	209	0	"High"	"1962-03-12"	194977617149
"HOSPIT4224"	"PAT01018"	"M"	61.3	184	120	258	0	"Low"	"1970-03-12"	183669695169
"HOSPIT4224"	"PAT01019"	"M"	89.6	165	94	227	0	"Low"	"1973-03-12"	217174831440
"HOSPIT4224"	"PAT01020"	"M"	63.9	NA	130	204	0	"Intermediate"	"1995-03-12"	197524474144
"HOSPIT4224"	"PAT01021"	"M"	76.2	157	140	261	0	"Low"	"1973-03-12"	219684173227
"HOSPIT4224"	"PAT01022"	"F"	65.4	154	122	213	0	"Low"	"1981-03-12"	248459524326
"HOSPIT4224"	"PAT01023"	"F"	64.2	152	135	250	0	"Low"	"1969-03-12"	160742746651
"HOSPIT4224"	"PAT01024"	"M"	67.3	184	145	174	0	"Low"	"1954-03-12"	159703398356
"HOSPIT4224"	"PAT01025"	"M"	89	180	120	281	0	"Low"	"1962-03-12"	153815974910
"HOSPIT4224"	"PAT01026"	"M"	63.5	159	120	198	0	"Low"	"1989-03-12"	164362892672
"HOSPIT4224"	"PAT01027"	"M"	90.9	179	125	245	1	"Intermediate"	"1973-03-12"	232424522792
"HOSPIT4224"	"PAT01028"	"M"	67.6	193	140	221	0	"Low"	"1965-03-12"	266027562605
"HOSPIT4224"	"PAT01029"	"M"	57.7	169	170	288	0	"Low"	"1965-03-12"	227448732203
"HOSPIT4224"	"PAT01030"	"M"	80.6	198	128	205	1	"Intermediate"	"1972-03-12"	228378799315
"HOSPIT4224"	"PAT01031"	"M"	91.5	145	125	309	0	"Intermediate"	"1960-03-12"	269569194483
"HOSPIT4224"	"PAT01032"	"M"	72.2	177	105	240	0	"Low"	"1966-03-12"	234463165954
"HOSPIT4224"	"PAT01033"	"M"	77.1	158	108	243	0	"High"	"1977-03-12"	205292304908
"HOSPIT4224"	"PAT01034"	"M"	101.3	158	165	289	1	"Low"	"1967-03-12"	191310769747
"HOSPIT4224"	"PAT01035"	"M"	62.2	164	112	250	0	"Low"	"1983-03-12"	236536211016
"HOSPIT4224"	"PAT01036"	"M"	52.6	178	128	308	0	"Low"	"1979-03-12"	185521303074
"HOSPIT4224"	"PAT01037"	"F"	67.5	186	102	318	0	"Low"	"1964-03-12"	239878268293
"HOSPIT4224"	"PAT01038"	"M"	84.8	178	152	298	1	"Low"	"1972-03-12"	266273135312
"HOSPIT4224"	"PAT01039"	"F"	86.8	174	102	265	0	"Low"	"1982-03-12"	230201306176
"HOSPIT4224"	"PAT01040"	"F"	95.6	197	115	564	0	"Low"	"1957-03-12"	159494636205
"HOSPIT4224"	"PAT01041"	"M"	78.7	185	160	289	0	"Low"	"1969-03-12"	224708308069
"HOSPIT4224"	"PAT01042"	"M"	99.8	161	120	246	0	"Low"	"1960-03-12"	234641228058
"HOSPIT4224"	"PAT01043"	"M"	48.6	NA	130	322	0	"Low"	"1954-03-12"	274455302634
"HOSPIT4224"	"PAT01044"	"M"	58.4	179	140	299	0	"Intermediate"	"1973-03-12"	166951752915
"HOSPIT4224"	"PAT01045"	"M"	62.4	189	125	300	0	"Intermediate"	"1966-03-12"	200254627295
"HOSPIT4224"	"PAT01046"	"M"	48.5	153	140	293	0	"Low"	"1964-03-12"	182659328487
"HOSPIT4224"	"PAT01047"	"M"	63.4	149	118	277	0	"Low"	"1956-03-12"	171054743307
"HOSPIT4224"	"PAT01048"	"M"	83.6	174	101	197	1	"Low"	"1978-03-12"	227680290564
"HOSPIT4224"	"PAT01049"	"M"	73.7	175	125	304	0	"Low"	"1947-03-12"	202185435325
"HOSPIT4224"	"PAT01050"	"F"	65.4	158	110	214	0	"Intermediate"	"1970-03-12"	238620264877
"HOSPIT4224"	"PAT01051"	"F"	55.8	179	100	248	0	"Low"	"1966-03-12"	264976161932
"HOSPIT4224"	"PAT01052"	"M"	73.7	170	124	255	1	"Low"	"1976-03-12"	257725942321
"HOSPIT4224"	"PAT01053"	"M"	57.3	177	132	207	0	"Low"	"1967-03-12"	152367438364
"HOSPIT4224"	"PAT01054"	"M"	97.4	180	138	223	0	"Low"	"1972-03-12"	219373292740
"HOSPIT4224"	"PAT01055"	"F"	96.6	168	132	288	1	"Low"	"1970-03-12"	210596394047
"HOSPIT4224"	"PAT01056"	"M"	98.3	169	126	282	0	"Low"	"1989-03-12"	162529769367
"HOSPIT4224"	"PAT01057"	"F"	87.5	166	112	160	0	"Intermediate"	"1979-03-12"	227681834334
"HOSPIT4224"	"PAT01058"	"M"	92.1	165	160	269	0	"Low"	"1954-03-12"	229013693510
"HOSPIT4224"	"PAT01059"	"M"	54.9	NA	142	226	0	"Low"	"1971-03-12"	216347746026
"HOSPIT4224"	"PAT01060"	"F"	101.9	175	174	249	0	"Low"	"1965-03-12"	234012173807
"HOSPIT4224"	"PAT01061"	"F"	82.5	179	140	394	0	"Intermediate"	"1962-03-12"	220895888190
"HOSPIT4224"	"PAT01062"	"M"	60.2	148	145	212	0	"Low"	"1960-03-12"	224513012527
"HOSPIT4224"	"PAT01063"	"M"	53.4	147	152	274	0	"Low"	"1967-03-12"	182598822913
"HOSPIT4224"	"PAT01064"	"M"	64.9	174	108	233	1	"Low"	"1972-03-12"	235885065348
"HOSPIT4224"	"PAT01065"	"M"	74.9	193	132	184	0	"Intermediate"	"1968-03-12"	202680568051
"HOSPIT4224"	"PAT01066"	"M"	80	156	130	315	0	"Low"	"1981-03-12"	165269804396
"HOSPIT4224"	"PAT01067"	"M"	79.7	191	130	246	1	"High"	"1971-03-12"	186203900248
"HOSPIT4224"	"PAT01068"	"M"	80.5	184	124	274	0	"Low"	"1976-03-12"	272344383160
"HOSPIT4224"	"PAT01069"	"F"	99.3	178	134	409	0	"Intermediate"	"1968-03-12"	211482499467
"HOSPIT4224"	"PAT01070"	"M"	46.4	180	148	244	0	"Low"	"1982-03-12"	225379652564
"HOSPIT4224"	"PAT01071"	"M"	76.5	167	178	270	0	"High"	"1965-03-12"	176916490339
"HOSPIT4224"	"PAT01072"	"F"	56.5	171	158	305	0	"Low"	"1964-03-12"	179548826287
"HOSPIT4224"	"PAT01073"	"F"	78.2	168	140	195	0	"Low"	"1961-03-12"	225881495771
"HOSPIT4224"	"PAT01074"	"M"	61.7	170	120	240	1	"High"	"1982-03-12"	263552539715
"HOSPIT4224"	"PAT01075"	"M"	70.3	199	160	246	0	"Low"	"1958-03-12"	157062964031
"HOSPIT4224"	"PAT01076"	"M"	NA	189	192	283	0	"Low"	"1970-03-12"	222003263101
"HOSPIT4224"	"PAT01077"	"M"	99.8	175	140	254	0	"Low"	"1955-03-12"	253721232687
"HOSPIT4224"	"PAT01078"	"M"	56.4	169	129	196	0	"Low"	"1974-03-12"	261142455444
"HOSPIT4224"	"PAT01079"	"M"	65.7	164	140	298	0	"Low"	"1973-03-12"	151376101208
"HOSPIT4224"	"PAT01080"	"M"	67	182	132	247	1	"Low"	"1981-03-12"	211978378450
"HOSPIT4224"	"PAT01081"	"F"	NA	186	138	294	1	"High"	"1962-03-12"	165167479592
"HOSPIT4224"	"PAT01082"	"F"	65.2	155	120	211	0	"Low"	"1956-03-12"	234482039443
"HOSPIT4224"	"PAT01083"	"M"	54.7	156	100	299	0	"Low"	"1957-03-12"	253208610486
"HOSPIT4224"	"PAT01084"	"M"	NA	159	160	234	1	"Intermediate"	"1955-03-12"	149736451585
"HOSPIT4224"	"PAT01085"	"F"	92.1	168	138	236	0	"Intermediate"	"1979-03-12"	215416633052
"HOSPIT4224"	"PAT01086"	"F"	68.6	164	120	244	0	"Low"	"1974-03-12"	176962331951
"HOSPIT4224"	"PAT01087"	"M"	61.5	179	160	273	0	"Low"	"1965-03-12"	173863024677
"HOSPIT4224"	"PAT01088"	"F"	84.4	179	110	254	0	"Low"	"1974-03-12"	166227827919
"HOSPIT4224"	"PAT01089"	"F"	84.9	172	180	325	0	"Low"	"1960-03-12"	207608297066
"HOSPIT4224"	"PAT01090"	"M"	58.9	167	150	126	1	"Low"	"1967-03-12"	209249324753
"HOSPIT4224"	"PAT01091"	"F"	75.8	194	140	313	0	"Low"	"1960-03-12"	209883858772
"HOSPIT4224"	"PAT01092"	"M"	54.5	182	110	211	0	"Low"	"1981-03-12"	151573833886
"HOSPIT4224"	"PAT01093"	"M"	75.4	187	142	309	0	"Low"	"1979-03-12"	161463460281
"HOSPIT4224"	"PAT01094"	"M"	101.7	207	128	259	0	"Low"	"1966-03-12"	190767752736
"HOSPIT4224"	"PAT01095"	"M"	96.3	204	144	200	0	"Low"	"1974-03-12"	262571585430
"HOSPIT4224"	"PAT01096"	"M"	97.2	134	130	262	0	"Intermediate"	"1969-03-12"	178460786666
"HOSPIT4224"	"PAT01097"	"F"	61.2	153	150	244	0	"Low"	"1962-03-12"	194780656069
"HOSPIT4224"	"PAT01098"	"F"	91.4	186	120	215	0	"Low"	"1987-03-12"	149160910736
"HOSPIT4224"	"PAT01099"	"M"	58.7	161	120	231	0	"Intermediate"	"1986-03-12"	193877458259
"HOSPIT4224"	"PAT01100"	"M"	61.1	202	130	214	0	"Low"	"1983-03-12"	224276415703
"HOSPIT4224"	"PAT01101"	"F"	NA	202	178	228	1	"High"	"1958-03-12"	203551307438
"HOSPIT4224"	"PAT01102"	"M"	93.6	171	112	230	0	"Low"	"1972-03-12"	190957020940
"HOSPIT4224"	"PAT01103"	"M"	59.3	154	120	193	0	"Low"	"1968-03-12"	147766251049
"HOSPIT4224"	"PAT01104"	"F"	94.5	154	105	204	0	"Low"	"1978-03-12"	168611293734
"HOSPIT4224"	"PAT01105"	"F"	47.8	194	138	243	0	"Low"	"1978-03-12"	226143483875
"HOSPIT4224"	"PAT01106"	"F"	93.7	174	130	303	0	"Intermediate"	"1960-03-12"	158473729492
"HOSPIT4224"	"PAT01107"	"M"	71.1	181	138	271	0	"Low"	"1965-03-12"	197565487168
"HOSPIT4224"	"PAT01108"	"F"	65.3	181	112	268	0	"Low"	"1983-03-12"	168289306303
"HOSPIT4224"	"PAT01109"	"F"	49.5	207	108	267	0	"Low"	"1970-03-12"	203125010683
"HOSPIT4224"	"PAT01110"	"F"	97.4	176	94	199	0	"Low"	"1985-03-12"	170803625955
"HOSPIT4224"	"PAT01111"	"M"	86.4	175	123	282	0	"Intermediate"	"1971-03-12"	240891536341
"HOSPIT4224"	"PAT01112"	"F"	47.6	173	108	269	0	"Low"	"1961-03-12"	225732688226
"HOSPIT4224"	"PAT01113"	"F"	81.8	174	118	210	0	"Low"	"1990-03-12"	186940688327
"HOSPIT4224"	"PAT01114"	"M"	82.6	176	112	204	0	"Low"	"1977-03-12"	174804507028
"HOSPIT4224"	"PAT01115"	"F"	NA	170	152	277	0	"Low"	"1957-03-12"	242700918614
"HOSPIT4224"	"PAT01116"	"M"	70.6	196	110	206	0	"Low"	"1970-03-12"	229678491022
"HOSPIT4224"	"PAT01117"	"M"	72	192	112	212	0	"Intermediate"	"1958-03-12"	198488454003
"HOSPIT4224"	"PAT01118"	"F"	NA	168	136	196	0	"Intermediate"	"1972-03-12"	231024321746
"HOSPIT4224"	"PAT01119"	"F"	97.5	191	180	327	0	"Low"	"1969-03-12"	169051440192
"HOSPIT4224"	"PAT01120"	"M"	62.5	206	118	149	0	"High"	"1975-03-12"	233034066580
"HOSPIT4224"	"PAT01121"	"F"	92.9	163	120	269	0	"Low"	"1950-03-12"	152851954672
"HOSPIT4224"	"PAT01122"	"F"	78.7	144	160	201	0	"Intermediate"	"1970-03-12"	189239118785
"HOSPIT4224"	"PAT01123"	"M"	99.3	190	122	286	0	"Low"	"1970-03-12"	237867660653
"HOSPIT4224"	"PAT01124"	"M"	57.1	155	130	283	1	"High"	"1968-03-12"	264427108962
"HOSPIT4224"	"PAT01125"	"M"	100.3	NA	120	249	0	"Low"	"1978-03-12"	182105601013
"HOSPIT4224"	"PAT01126"	"F"	77.2	176	134	271	0	"Low"	"1975-03-12"	255017468530
"HOSPIT4224"	"PAT01127"	"M"	84.8	195	120	295	0	"Intermediate"	"1982-03-12"	209707106035
"HOSPIT4224"	"PAT01128"	"M"	55.4	144	110	235	0	"Intermediate"	"1983-03-12"	260918924013
"HOSPIT4224"	"PAT01129"	"F"	76.1	189	126	306	0	"Intermediate"	"1983-03-12"	272936461945
"HOSPIT4224"	"PAT01130"	"F"	89	169	130	269	0	"High"	"1975-03-12"	221008382149
"HOSPIT4224"	"PAT01131"	"M"	72.8	154	134	234	0	"Low"	"1963-03-12"	182261316094
"HOSPIT4224"	"PAT01132"	"F"	54.5	192	120	178	1	"Low"	"1964-03-12"	147638401051
"HOSPIT4224"	"PAT01133"	"M"	82.2	164	120	237	0	"Low"	"1957-03-12"	169233487833
"HOSPIT4224"	"PAT01134"	"M"	87.4	165	100	234	0	"Low"	"1966-03-12"	184372851002
"HOSPIT4224"	"PAT01135"	"M"	NA	182	110	275	0	"Low"	"1977-03-12"	264611134078
"HOSPIT4224"	"PAT01136"	"M"	90.6	198	125	212	0	"Low"	"1972-03-12"	162518033668
"HOSPIT4224"	"PAT01137"	"M"	47.2	NA	128	208	1	"Intermediate"	"1962-03-12"	232904956312
"HOSPIT4224"	"PAT01138"	"M"	64.3	162	110	201	0	"Low"	"1967-03-12"	253844196471
"HOSPIT4224"	"PAT01139"	"M"	64.6	201	146	218	0	"Low"	"1966-03-12"	226352684651
"HOSPIT4224"	"PAT01140"	"M"	100.9	189	128	263	0	"Low"	"1960-03-12"	198425171868
"HOSPIT4224"	"PAT01141"	"F"	99.2	168	120	295	0	"Low"	"1973-03-12"	248745089039
"HOSPIT4224"	"PAT01142"	"M"	74	NA	115	303	0	"Low"	"1981-03-12"	246809530296
"HOSPIT4224"	"PAT01143"	"F"	93.4	149	120	209	0	"Low"	"1982-03-12"	242328166335
"HOSPIT4224"	"PAT01144"	"F"	101	160	106	223	0	"Low"	"1957-03-12"	243879792206
"HOSPIT4224"	"PAT01145"	"F"	66.2	163	140	197	0	"Low"	"1948-03-12"	192280371983
"HOSPIT4224"	"PAT01146"	"M"	74.9	180	156	245	0	"Low"	"1954-03-12"	179320225305
"HOSPIT4224"	"PAT01147"	"M"	NA	156	124	261	0	"Intermediate"	"1967-03-12"	207242489287
"HOSPIT4224"	"PAT01148"	"F"	97.7	168	118	242	0	"Low"	"1980-03-12"	177233333622
"HOSPIT4224"	"PAT01149"	"F"	97.4	158	136	319	1	"High"	"1966-03-12"	177747461099
"HOSPIT4224"	"PAT01150"	"F"	85.8	145	150	240	0	"Low"	"1964-03-12"	269723224341
"HOSPIT4224"	"PAT01151"	"M"	86.9	166	120	226	0	"Low"	"1980-03-12"	183335846626
"HOSPIT4224"	"PAT01152"	"M"	60.7	185	138	166	0	"Low"	"1963-03-12"	172295841155
"HOSPIT4224"	"PAT01153"	"M"	60.7	182	136	315	0	"Low"	"1982-03-12"	171898012933
"HOSPIT4224"	"PAT01154"	"M"	NA	200	128	204	1	"Low"	"1972-03-12"	234404978730
"HOSPIT4224"	"PAT01155"	"M"	56.8	130	126	218	1	"Low"	"1965-03-12"	272074112177
"HOSPIT4224"	"PAT01156"	"M"	88.2	NA	152	223	0	"Low"	"1984-03-12"	247207313428
"HOSPIT4224"	"PAT01157"	"M"	NA	189	130	180	0	"Low"	"1982-03-12"	151782776332
"HOSPIT4224"	"PAT01158"	"M"	54.3	210	140	207	0	"Low"	"1963-03-12"	165057796131
"HOSPIT4224"	"PAT01159"	"M"	52.5	185	160	228	0	"Low"	"1958-03-12"	196826428153
"HOSPIT4224"	"PAT01160"	"M"	81.2	184	140	311	0	"Low"	"1978-03-12"	228641219772
"HOSPIT4224"	"PAT01161"	"F"	80.2	192	112	149	0	"Low"	"1953-03-12"	152511670849
"HOSPIT4224"	"PAT01162"	"M"	67.4	180	134	204	0	"Intermediate"	"1965-03-12"	166597539885
"HOSPIT4224"	"PAT01163"	"M"	80.3	157	170	227	0	"Low"	"1960-03-12"	222324925233
"HOSPIT4224"	"PAT01164"	"F"	89.7	186	146	278	0	"Low"	"1958-03-12"	215386478752
"HOSPIT4224"	"PAT01165"	"F"	54.8	174	138	220	0	"Low"	"1985-03-12"	176492958503
"HOSPIT4224"	"PAT01166"	"M"	53.7	166	154	232	0	"Intermediate"	"1967-03-12"	216880678961
"HOSPIT4224"	"PAT01167"	"F"	52	182	130	197	0	"Low"	"1966-03-12"	271929457045
"HOSPIT4224"	"PAT01168"	"M"	NA	175	110	335	0	"Low"	"1967-03-12"	216683362733
"HOSPIT4224"	"PAT01169"	"M"	77.7	154	130	253	0	"Intermediate"	"1977-03-12"	225060266430
"HOSPIT4224"	"PAT01170"	"F"	58	175	128	205	0	"Low"	"1969-03-12"	241838361796
"HOSPIT4224"	"PAT01171"	"M"	76.5	144	122	192	0	"High"	"1989-03-12"	190824609347
"HOSPIT4224"	"PAT01172"	"M"	72.9	170	148	203	0	"Low"	"1963-03-12"	190681849028
"HOSPIT4224"	"PAT01173"	"M"	46.3	176	114	318	0	"Low"	"1966-03-12"	229661763195
"HOSPIT4224"	"PAT01174"	"F"	96.1	208	170	225	1	"High"	"1966-03-12"	222210961194
"HOSPIT4224"	"PAT01175"	"M"	71.2	186	125	220	0	"Intermediate"	"1966-03-12"	146907682989
"HOSPIT4224"	"PAT01176"	"M"	62.7	189	130	221	0	"Low"	"1968-03-12"	153200927251
"HOSPIT4224"	"PAT01177"	"M"	50.3	179	120	240	0	"Low"	"1968-03-12"	174045987536
"HOSPIT4224"	"PAT01178"	"M"	58.3	168	152	212	0	"Low"	"1957-03-12"	201016987445
"HOSPIT4224"	"PAT01179"	"F"	85.8	195	132	342	0	"Low"	"1969-03-12"	199657912010
"HOSPIT4224"	"PAT01180"	"M"	101.9	170	120	169	0	"Average"	"1980-03-12"	265570436120
"HOSPIT4224"	"PAT01181"	"M"	88.6	164	140	187	0	"Low"	"1961-03-12"	232453535174
"HOSPIT4224"	"PAT01182"	"F"	51.8	181	124	197	0	"Low"	"1961-03-12"	166315613295
"HOSPIT4224"	"PAT01183"	"M"	56.3	NA	120	157	0	"High"	"1983-03-12"	164915293800
"HOSPIT4224"	"PAT01184"	"M"	NA	172	164	176	1	"Low"	"1965-03-12"	149625652843
"HOSPIT4224"	"PAT01185"	"F"	49.5	202	140	241	0	"Low"	"1967-03-12"	205362117387
"HOSPIT4224"	"PAT01186"	"M"	84.3	185	110	264	0	"Low"	"1979-03-12"	178140939716
"HOSPIT4224"	"PAT01187"	"M"	75.8	171	144	193	1	"Low"	"1956-03-12"	166162351094
"HOSPIT4224"	"PAT01188"	"M"	71.9	185	130	131	0	"Low"	"1967-03-12"	235557575730
"HOSPIT4224"	"PAT01189"	"F"	56.4	189	130	236	0	"Low"	"1967-03-12"	199075848919
"HOSPIT4224"	"PAT01190"	"M"	81.4	176	138	175	0	"Low"	"1986-03-12"	174999533584
